<?xml version="1.0" encoding="UTF-8"?>
<section name="Workbench">
	<section name="ChooseWorkspaceDialogSettings">
		<item value="313" key="DIALOG_Y_ORIGIN"/>
		<item value="338" key="DIALOG_X_ORIGIN"/>
	</section>
	<section name="BasicNewProjectResourceWizard">
	</section>
	<section name="WORKBENCH_SETTINGS">
		<list key="ENABLED_TRANSFERS">
		</list>
	</section>
	<section name="SaveAsDialogSettings">
		<item value="525" key="DIALOG_WIDTH"/>
		<item value="114" key="DIALOG_Y_ORIGIN"/>
		<item value="386" key="DIALOG_X_ORIGIN"/>
		<item value="579" key="DIALOG_HEIGHT"/>
		<item value="1|Segoe UI|9.0|0|WINDOWS|1|-12|0|0|0|400|0|0|0|1|0|0|0|0|Segoe UI" key="DIALOG_FONT_NAME"/>
	</section>
	<section name="NewWizardAction">
		<item value="org.eclipse.ui.wizards.new.project" key="NewWizardSelectionPage.STORE_SELECTED_ID"/>
		<list key="NewWizardSelectionPage.STORE_EXPANDED_CATEGORIES_ID">
			<item value="org.eclipse.ui.Basic"/>
		</list>
	</section>
	<section name="CleanDialogSettings">
		<item value="500" key="DIALOG_WIDTH"/>
		<item value="-102" key="DIALOG_Y_ORIGIN"/>
		<item value="-890" key="DIALOG_X_ORIGIN"/>
		<item value="377" key="DIALOG_HEIGHT"/>
		<item value="false" key="TOGGLE_SELECTED"/>
	</section>
</section>
