<?xml version="1.0" encoding="UTF-8"?>
<section name="Workbench">
	<section name="org.eclipse.jdt.debug.ui.MAIN_METHOD_SELECTION_DIALOG">
		<item value="true" key="ShowStatusLine"/>
		<item value="&lt;?xml version=&quot;1.0&quot; encoding=&quot;UTF-8&quot;?&gt;&#x0D;&#x0A;&lt;History&gt;&#x0D;&#x0A;&lt;historyRootNode&gt;&#x0D;&#x0A;&lt;infoNode&gt;=Poker Client/src&amp;lt;app{Lobby.java[Lobby&lt;/infoNode&gt;&#x0D;&#x0A;&lt;infoNode&gt;=Poker Client/src&amp;lt;app{PokerAgentLauncher.java[PokerAgentLauncher&lt;/infoNode&gt;&#x0D;&#x0A;&lt;infoNode&gt;=BluffinClient/src&amp;lt;clientLobby{Lobby.java[Lobby&lt;/infoNode&gt;&#x0D;&#x0A;&lt;infoNode&gt;=BluffinClient/src&amp;lt;clientLobbyGUI{ClientLobby.java[ClientLobby&lt;/infoNode&gt;&#x0D;&#x0A;&lt;infoNode&gt;=BluffinClient/src&amp;lt;clientAILobbyGUI{LobbyAIMainJFrame.java[LobbyAIMainJFrame&lt;/infoNode&gt;&#x0D;&#x0A;&lt;infoNode&gt;=BluffinClient/src&amp;lt;clientLobbyGUI{LobbyMainJFrame.java[LobbyMainJFrame&lt;/infoNode&gt;&#x0D;&#x0A;&lt;/historyRootNode&gt;&#x0D;&#x0A;&lt;/History&gt;" key="History"/>
		<section name="DialogBoundsSettings">
			<item value="600" key="DIALOG_WIDTH"/>
			<item value="167" key="DIALOG_Y_ORIGIN"/>
			<item value="500" key="DIALOG_HEIGHT"/>
			<item value="348" key="DIALOG_X_ORIGIN"/>
			<item value="1|Segoe UI|9.0|0|WINDOWS|1|-12|0|0|0|400|0|0|0|1|0|0|0|0|Segoe UI" key="DIALOG_FONT_NAME"/>
		</section>
	</section>
	<section name="org.eclipse.jdt.internal.debug.ui.ExpressionInformationControlCreator$ExpressionInformationControl">
		<item value="500" key="SashWeightDetails"/>
		<item value="500" key="SashWeightTree"/>
		<item value="194" key="HEIGHT"/>
		<item value="614" key="WIDTH"/>
	</section>
</section>
