<?xml version="1.0" encoding="UTF-8"?>
<section name="Workbench">
	<section name="org.eclipse.ui.texteditor.FindReplaceDialog_dialogBounds">
		<item value="257" key="DIALOG_WIDTH"/>
		<item value="475" key="DIALOG_Y_ORIGIN"/>
		<item value="1959" key="DIALOG_X_ORIGIN"/>
		<item value="380" key="DIALOG_HEIGHT"/>
		<item value="1|Segoe UI|9.0|0|WINDOWS|1|-12|0|0|0|400|0|0|0|1|0|0|0|0|Segoe UI" key="DIALOG_FONT_NAME"/>
	</section>
	<section name="org.eclipse.ui.texteditor.FindReplaceDialog">
		<item value="false" key="wrap"/>
		<item value="false" key="casesensitive"/>
		<item value="false" key="isRegEx"/>
		<item value="false" key="incremental"/>
		<item value="false" key="wholeword"/>
		<item value="GameCard.HIDDEN_CARD" key="selection"/>
		<list key="findhistory">
			<item value="Card.getInstance().get(Card.HIDDEN_CARD)"/>
			<item value="Card.getInstance().get(Card.NO_CARD)"/>
			<item value="HandEvalCard.Rank"/>
			<item value="HandEvalCard.Suit"/>
			<item value="start"/>
			<item value="new Color(238, 238, 48)"/>
			<item value="Background"/>
			<item value="t"/>
		</list>
		<list key="replacehistory">
			<item value="GameCard.HIDDEN_CARD"/>
			<item value="GameCard.NO_CARD"/>
			<item value="TypeGameCardRank"/>
			<item value="TypeGameCardSuit"/>
			<item value="Color.white"/>
			<item value="Color.White"/>
			<item value="ClientPokerListener"/>
			<item value=""/>
		</list>
	</section>
</section>
