what,kind,bundleId,bundleVersion,description,time
started,bundle,org.python.pydev.core,1.5.4.2010011921,"org.python.pydev.core",1265144558170
started,bundle,org.python.pydev.debug,1.5.4.2010011921,"org.python.pydev.debug",1265144558175
started,bundle,org.python.pydev.customizations,1.5.4.2010011921,"org.python.pydev.customizations",1265144558216
started,bundle,com.python.pydev.analysis,1.5.4.2010011921,"com.python.pydev.analysis",1265144558243
started,bundle,org.python.pydev,1.5.4.2010011921,"org.python.pydev",1265144558248
deactivated,workbench,org.eclipse.ui.workbench,3.5.1.M20090826-0800a,"",1265144565074
started,bundle,org.eclipse.jst.jsp.ui,1.1.401.v200908111935,"org.eclipse.jst.jsp.ui",1265144567517
started,bundle,org.eclipse.pde.core,3.5.100.v20090821,"org.eclipse.pde.core",1265144567587
started,bundle,org.eclipse.wst.sse.core,1.1.401.v200909172215,"org.eclipse.wst.sse.core",1265144568016
started,bundle,org.eclipse.jst.jsp.core,1.2.203.v200908241513,"org.eclipse.jst.jsp.core",1265144568046
activated,workbench,org.eclipse.ui.workbench,3.5.1.M20090826-0800a,"",1265144568691
started,bundle,org.eclipse.wst.common.emf,1.1.301.v200908181930,"org.eclipse.wst.common.emf",1265144569236
started,bundle,org.eclipse.jst.j2ee.core,1.1.301.v200908181930,"org.eclipse.jst.j2ee.core",1265144569237
started,bundle,org.eclipse.jem,2.0.300.v200901272200,"org.eclipse.jem",1265144569246
started,bundle,org.eclipse.emf.ecore.xmi,2.5.0.v200906151043,"org.eclipse.emf.ecore.xmi",1265144569248
started,bundle,org.eclipse.jst.jee,1.0.201.v200909030330,"org.eclipse.jst.jee",1265144569350
started,bundle,org.eclipse.wst.common.frameworks.ui,1.1.301.v200908101600,"org.eclipse.wst.common.frameworks.ui",1265144569381
started,bundle,org.eclipse.wst.xml.core,1.1.401.v200908242115,"org.eclipse.wst.xml.core",1265144569382
started,bundle,org.eclipse.wst.common.emfworkbench.integration,1.1.301.v200908101600,"org.eclipse.wst.common.emfworkbench.integration",1265144569420
started,bundle,org.eclipse.wst.common.modulecore,1.1.301.v200908101600,"org.eclipse.wst.common.modulecore",1265144569431
started,bundle,org.eclipse.wst.validation,1.2.102.v200905201610,"org.eclipse.wst.validation",1265144569438
started,bundle,org.eclipse.jst.j2ee,1.1.301.v200909030330,"org.eclipse.jst.j2ee",1265144569451
activated,editor,org.eclipse.jdt.ui,3.5.1.r351_v20090821-0800,"org.eclipse.jdt.ui.CompilationUnitEditor",1265144569885
activated,view,org.eclipse.jdt.ui,3.5.1.r351_v20090821-0800,"org.eclipse.jdt.ui.PackageExplorer",1265144574138
activated,editor,org.eclipse.jdt.ui,3.5.1.r351_v20090821-0800,"org.eclipse.jdt.ui.CompilationUnitEditor",1265144578236
