what,kind,bundleId,bundleVersion,description,time
started,bundle,org.eclipse.ltk.ui.refactoring,3.4.100.v20090604,"org.eclipse.ltk.ui.refactoring",1265084967442
started,bundle,org.eclipse.compare.core,3.5.0.I20090430-0408,"org.eclipse.compare.core",1265084970226
opened,editor,org.eclipse.jdt.ui,3.5.1.r351_v20090821-0800,"org.eclipse.jdt.ui.CompilationUnitEditor",1265084970309
activated,editor,org.eclipse.jdt.ui,3.5.1.r351_v20090821-0800,"org.eclipse.jdt.ui.CompilationUnitEditor",1265084970408
activated,view,org.eclipse.jdt.ui,3.5.1.r351_v20090821-0800,"org.eclipse.jdt.ui.PackageExplorer",1265084975712
activated,editor,org.eclipse.jdt.ui,3.5.1.r351_v20090821-0800,"org.eclipse.jdt.ui.CompilationUnitEditor",1265084980493
executed,command,org.eclipse.ui,3.5.1.M20090902-1000,"org.eclipse.ui.file.save",1265084981943
activated,view,org.eclipse.jdt.ui,3.5.1.r351_v20090821-0800,"org.eclipse.jdt.ui.PackageExplorer",1265084983702
closed,editor,org.eclipse.jdt.ui,3.5.1.r351_v20090821-0800,"org.eclipse.jdt.ui.CompilationUnitEditor",1265084983702
started,bundle,org.eclipse.wst.ws.service.policy,1.0.103.v200905151848,"org.eclipse.wst.ws.service.policy",1265084985931
started,bundle,org.eclipse.wst.command.env,1.0.408.v200903110045,"org.eclipse.wst.command.env",1265084985940
started,bundle,org.eclipse.wst.ws,1.1.103.v200903111822,"org.eclipse.wst.ws",1265084985941
started,bundle,org.eclipse.wst.common.emf,1.1.301.v200908181930,"org.eclipse.wst.common.emf",1265084986035
started,bundle,org.eclipse.jst.j2ee.core,1.1.301.v200908181930,"org.eclipse.jst.j2ee.core",1265084986038
started,bundle,org.eclipse.jem,2.0.300.v200901272200,"org.eclipse.jem",1265084986051
started,bundle,org.eclipse.emf.ecore.xmi,2.5.0.v200906151043,"org.eclipse.emf.ecore.xmi",1265084986056
started,bundle,org.eclipse.jst.jee,1.0.201.v200909030330,"org.eclipse.jst.jee",1265084986156
started,bundle,org.eclipse.wst.sse.core,1.1.401.v200909172215,"org.eclipse.wst.sse.core",1265084986180
started,bundle,org.eclipse.wst.common.frameworks.ui,1.1.301.v200908101600,"org.eclipse.wst.common.frameworks.ui",1265084986195
started,bundle,org.eclipse.wst.xml.core,1.1.401.v200908242115,"org.eclipse.wst.xml.core",1265084986207
started,bundle,org.eclipse.wst.common.emfworkbench.integration,1.1.301.v200908101600,"org.eclipse.wst.common.emfworkbench.integration",1265084986511
started,bundle,org.eclipse.wst.common.modulecore,1.1.301.v200908101600,"org.eclipse.wst.common.modulecore",1265084986528
started,bundle,org.eclipse.wst.validation,1.2.102.v200905201610,"org.eclipse.wst.validation",1265084986540
started,bundle,org.eclipse.jst.j2ee,1.1.301.v200909030330,"org.eclipse.jst.j2ee",1265084986562
deactivated,workbench,org.eclipse.ui.workbench,3.5.1.M20090826-0800a,"",1265084988183
