what,kind,bundleId,bundleVersion,description,time
deactivated,workbench,org.eclipse.ui.workbench,3.5.1.M20090826-0800a,"",1265123505379
started,bundle,org.eclipse.jdt.debug,3.5.0.v20090526,"org.eclipse.jdt.debug",1265123507779
started,bundle,org.eclipse.debug.ui,3.5.1.v20090811_r351,"org.eclipse.debug.ui",1265123508099
started,bundle,org.eclipse.jdt.debug.ui,3.4.1.v20090811_r351,"org.eclipse.jdt.debug.ui",1265123508341
started,bundle,org.eclipse.jst.jsp.ui,1.1.401.v200908111935,"org.eclipse.jst.jsp.ui",1265123508370
started,bundle,org.eclipse.pde.core,3.5.100.v20090821,"org.eclipse.pde.core",1265123508500
started,bundle,org.eclipse.wst.sse.core,1.1.401.v200909172215,"org.eclipse.wst.sse.core",1265123508592
started,bundle,org.eclipse.jst.jsp.core,1.2.203.v200908241513,"org.eclipse.jst.jsp.core",1265123508622
started,bundle,org.eclipse.wst.jsdt.manipulation,1.0.100.v200809240707,"org.eclipse.wst.jsdt.manipulation",1265123508906
started,bundle,org.eclipse.wst.jsdt.core,1.0.201.v200908101420,"org.eclipse.wst.jsdt.core",1265123509233
started,bundle,org.eclipse.wst.jsdt.ui,1.0.200.v200905242047,"org.eclipse.wst.jsdt.ui",1265123509313
opened,view,org.eclipse.ui.console,3.4.0.v20090513,"org.eclipse.ui.console.ConsoleView",1265123509836
closed,editor,org.eclipse.jdt.ui,3.5.1.r351_v20090821-0800,"org.eclipse.jdt.ui.CompilationUnitEditor",1265123510298
activated,workbench,org.eclipse.ui.workbench,3.5.1.M20090826-0800a,"",1265123510344
opened,editor,org.eclipse.jdt.ui,3.5.1.r351_v20090821-0800,"org.eclipse.jdt.ui.CompilationUnitEditor",1265123547421
activated,editor,org.eclipse.jdt.ui,3.5.1.r351_v20090821-0800,"org.eclipse.jdt.ui.CompilationUnitEditor",1265123547505
activated,view,org.eclipse.jdt.ui,3.5.1.r351_v20090821-0800,"org.eclipse.jdt.ui.PackageExplorer",1265123560971
deactivated,workbench,org.eclipse.ui.workbench,3.5.1.M20090826-0800a,"",1265123565302
started,bundle,org.eclipse.ant.ui,3.4.1.v20090901_r351,"org.eclipse.ant.ui",1265123575123
activated,workbench,org.eclipse.ui.workbench,3.5.1.M20090826-0800a,"",1265123577956
executed,command,org.eclipse.ui,3.5.1.M20090902-1000,"org.eclipse.ui.edit.rename",1265123577970
deactivated,workbench,org.eclipse.ui.workbench,3.5.1.M20090826-0800a,"",1265123596590
activated,workbench,org.eclipse.ui.workbench,3.5.1.M20090826-0800a,"",1265123614287
activated,workbench,org.eclipse.ui.workbench,3.5.1.M20090826-0800a,"",1265123616582
opened,editor,org.eclipse.jdt.ui,3.5.1.r351_v20090821-0800,"org.eclipse.jdt.ui.CompilationUnitEditor",1265123635003
