what,kind,bundleId,bundleVersion,description,time
activated,workbench,org.eclipse.ui.workbench,3.5.1.M20090826-0800a,"",1265127547888
activated,view,org.eclipse.ui.console,3.4.0.v20090513,"org.eclipse.ui.console.ConsoleView",1265127547895
deactivated,workbench,org.eclipse.ui.workbench,3.5.1.M20090826-0800a,"",1265127556929
activated,workbench,org.eclipse.ui.workbench,3.5.1.M20090826-0800a,"",1265127570992
deactivated,workbench,org.eclipse.ui.workbench,3.5.1.M20090826-0800a,"",1265127571531
activated,workbench,org.eclipse.ui.workbench,3.5.1.M20090826-0800a,"",1265127585720
opened,editor,org.eclipse.jdt.ui,3.5.1.r351_v20090821-0800,"org.eclipse.jdt.ui.CompilationUnitEditor",1265127607301
activated,editor,org.eclipse.jdt.ui,3.5.1.r351_v20090821-0800,"org.eclipse.jdt.ui.CompilationUnitEditor",1265127607354
activated,view,org.eclipse.ui.console,3.4.0.v20090513,"org.eclipse.ui.console.ConsoleView",1265127609957
opened,editor,org.eclipse.jdt.ui,3.5.1.r351_v20090821-0800,"org.eclipse.jdt.ui.CompilationUnitEditor",1265127610145
activated,editor,org.eclipse.jdt.ui,3.5.1.r351_v20090821-0800,"org.eclipse.jdt.ui.CompilationUnitEditor",1265127610213
activated,view,org.eclipse.ui.console,3.4.0.v20090513,"org.eclipse.ui.console.ConsoleView",1265127650343
deactivated,workbench,org.eclipse.ui.workbench,3.5.1.M20090826-0800a,"",1265127685974
activated,workbench,org.eclipse.ui.workbench,3.5.1.M20090826-0800a,"",1265127695651
deactivated,workbench,org.eclipse.ui.workbench,3.5.1.M20090826-0800a,"",1265127696860
activated,workbench,org.eclipse.ui.workbench,3.5.1.M20090826-0800a,"",1265127717289
activated,view,org.eclipse.jdt.ui,3.5.1.r351_v20090821-0800,"org.eclipse.jdt.ui.PackageExplorer",1265127752328
activated,view,org.eclipse.ui.console,3.4.0.v20090513,"org.eclipse.ui.console.ConsoleView",1265127767844
deactivated,workbench,org.eclipse.ui.workbench,3.5.1.M20090826-0800a,"",1265127784614
activated,workbench,org.eclipse.ui.workbench,3.5.1.M20090826-0800a,"",1265127790305
executed,command,org.eclipse.ui,3.5.1.M20090902-1000,"org.eclipse.ui.edit.selectAll",1265127791151
executed,command,org.eclipse.ui,3.5.1.M20090902-1000,"org.eclipse.ui.edit.copy",1265127791646
deactivated,workbench,org.eclipse.ui.workbench,3.5.1.M20090826-0800a,"",1265127792140
activated,workbench,org.eclipse.ui.workbench,3.5.1.M20090826-0800a,"",1265127802674
executed,command,org.eclipse.ui,3.5.1.M20090902-1000,"org.eclipse.ui.edit.selectAll",1265127803844
