what,kind,bundleId,bundleVersion,description,time
deactivated,workbench,org.eclipse.ui.workbench,3.5.1.M20090826-0800a,"",1265128323990
activated,workbench,org.eclipse.ui.workbench,3.5.1.M20090826-0800a,"",1265128401631
activated,editor,org.eclipse.jdt.ui,3.5.1.r351_v20090821-0800,"org.eclipse.jdt.ui.CompilationUnitEditor",1265128401658
activated,view,org.eclipse.ui.console,3.4.0.v20090513,"org.eclipse.ui.console.ConsoleView",1265128402734
activated,view,org.eclipse.jdt.ui,3.5.1.r351_v20090821-0800,"org.eclipse.jdt.ui.PackageExplorer",1265128406337
deactivated,workbench,org.eclipse.ui.workbench,3.5.1.M20090826-0800a,"",1265128414753
activated,workbench,org.eclipse.ui.workbench,3.5.1.M20090826-0800a,"",1265128414837
deactivated,workbench,org.eclipse.ui.workbench,3.5.1.M20090826-0800a,"",1265128414914
activated,workbench,org.eclipse.ui.workbench,3.5.1.M20090826-0800a,"",1265128432964
executed,command,org.eclipse.team.svn.ui,0.7.8.I20090904-1300,"org.eclipse.team.svn.ui.command.CommitCommand",1265128433000
deactivated,workbench,org.eclipse.ui.workbench,3.5.1.M20090826-0800a,"",1265128433358
activated,workbench,org.eclipse.ui.workbench,3.5.1.M20090826-0800a,"",1265128458256
deactivated,workbench,org.eclipse.ui.workbench,3.5.1.M20090826-0800a,"",1265128478788
activated,workbench,org.eclipse.ui.workbench,3.5.1.M20090826-0800a,"",1265128493384
deactivated,workbench,org.eclipse.ui.workbench,3.5.1.M20090826-0800a,"",1265128494557
activated,workbench,org.eclipse.ui.workbench,3.5.1.M20090826-0800a,"",1265128495795
activated,editor,org.eclipse.jdt.ui,3.5.1.r351_v20090821-0800,"org.eclipse.jdt.ui.CompilationUnitEditor",1265128497048
activated,view,org.eclipse.jdt.ui,3.5.1.r351_v20090821-0800,"org.eclipse.jdt.ui.PackageExplorer",1265128503813
closed,editor,org.eclipse.jdt.ui,3.5.1.r351_v20090821-0800,"org.eclipse.jdt.ui.CompilationUnitEditor",1265128503814
closed,editor,org.eclipse.jdt.ui,3.5.1.r351_v20090821-0800,"org.eclipse.jdt.ui.CompilationUnitEditor",1265128503844
closed,editor,org.eclipse.jdt.ui,3.5.1.r351_v20090821-0800,"org.eclipse.jdt.ui.CompilationUnitEditor",1265128503853
closed,editor,org.eclipse.jdt.ui,3.5.1.r351_v20090821-0800,"org.eclipse.jdt.ui.CompilationUnitEditor",1265128503869
closed,editor,org.eclipse.jdt.ui,3.5.1.r351_v20090821-0800,"org.eclipse.jdt.ui.CompilationUnitEditor",1265128503881
closed,editor,org.eclipse.jdt.ui,3.5.1.r351_v20090821-0800,"org.eclipse.jdt.ui.CompilationUnitEditor",1265128503888
closed,editor,org.eclipse.jdt.ui,3.5.1.r351_v20090821-0800,"org.eclipse.jdt.ui.CompilationUnitEditor",1265128503895
