what,kind,bundleId,bundleVersion,description,time
executed,command,org.eclipse.ui,3.5.1.M20090902-1000,"org.eclipse.ui.edit.paste",1265125200380
executed,command,org.eclipse.ui,3.5.1.M20090902-1000,"org.eclipse.ui.edit.paste",1265125201599
executed,command,org.eclipse.ui,3.5.1.M20090902-1000,"org.eclipse.ui.edit.paste",1265125202264
deactivated,workbench,org.eclipse.ui.workbench,3.5.1.M20090826-0800a,"",1265125205039
executed,command,org.eclipse.ui,3.5.1.M20090902-1000,"org.eclipse.ui.edit.findReplace",1265125205057
executed,command,org.eclipse.ui,3.5.1.M20090902-1000,"org.eclipse.ui.edit.paste",1265125208774
activated,workbench,org.eclipse.ui.workbench,3.5.1.M20090826-0800a,"",1265125212347
executed,command,org.eclipse.ui,3.5.1.M20090902-1000,"org.eclipse.ui.file.save",1265125212825
activated,view,org.eclipse.jdt.ui,3.5.1.r351_v20090821-0800,"org.eclipse.jdt.ui.PackageExplorer",1265125214212
opened,editor,org.eclipse.jdt.ui,3.5.1.r351_v20090821-0800,"org.eclipse.jdt.ui.CompilationUnitEditor",1265125214398
activated,editor,org.eclipse.jdt.ui,3.5.1.r351_v20090821-0800,"org.eclipse.jdt.ui.CompilationUnitEditor",1265125214462
deactivated,workbench,org.eclipse.ui.workbench,3.5.1.M20090826-0800a,"",1265125217013
activated,workbench,org.eclipse.ui.workbench,3.5.1.M20090826-0800a,"",1265125218519
executed,command,org.eclipse.search,3.5.1.r351_v20090708-0800,"org.eclipse.search.ui.openSearchDialog",1265125218535
deactivated,workbench,org.eclipse.ui.workbench,3.5.1.M20090826-0800a,"",1265125218827
executed,command,org.eclipse.ui,3.5.1.M20090902-1000,"org.eclipse.ui.edit.findReplace",1265125218858
activated,workbench,org.eclipse.ui.workbench,3.5.1.M20090826-0800a,"",1265125224079
opened,editor,org.eclipse.jdt.ui,3.5.1.r351_v20090821-0800,"org.eclipse.jdt.ui.CompilationUnitEditor",1265125235263
activated,editor,org.eclipse.jdt.ui,3.5.1.r351_v20090821-0800,"org.eclipse.jdt.ui.CompilationUnitEditor",1265125235331
executed,command,org.eclipse.jdt.ui,3.5.1.r351_v20090821-0800,"org.eclipse.jdt.ui.edit.text.java.open.editor",1265125235380
deactivated,workbench,org.eclipse.ui.workbench,3.5.1.M20090826-0800a,"",1265125241006
executed,command,org.eclipse.ui,3.5.1.M20090902-1000,"org.eclipse.ui.edit.findReplace",1265125241024
executed,command,org.eclipse.ui,3.5.1.M20090902-1000,"org.eclipse.ui.edit.paste",1265125241767
activated,workbench,org.eclipse.ui.workbench,3.5.1.M20090826-0800a,"",1265125246416
deactivated,workbench,org.eclipse.ui.workbench,3.5.1.M20090826-0800a,"",1265125247965
