what,kind,bundleId,bundleVersion,description,time
stopped,bundle,commonj.sdo,2.1.1.v200905221342,"commonj.sdo",1265145294141
stopped,bundle,org.eclipse.datatools.enablement.oda.ws.ui,1.2.1.v200906230955,"org.eclipse.datatools.enablement.oda.ws.ui",1265145294142
stopped,bundle,org.eclipse.datatools.enablement.oda.ws,1.2.1.v200907300941,"org.eclipse.datatools.enablement.oda.ws",1265145294142
stopped,bundle,org.eclipse.wst.wsdl,1.2.1.v200908101510,"org.eclipse.wst.wsdl",1265145294143
stopped,bundle,org.eclipse.wst.wsdl.validation,1.1.401.v200902271605,"org.eclipse.wst.wsdl.validation",1265145294144
stopped,bundle,org.eclipse.wst.xsl.jaxp.debug.ui,1.0.0.v200904240436,"org.eclipse.wst.xsl.jaxp.debug.ui",1265145294144
stopped,bundle,org.eclipse.wst.xsl.ui,1.0.100.v200907172129,"org.eclipse.wst.xsl.ui",1265145294145
stopped,bundle,org.eclipse.wst.xml.xpath.ui,1.0.0.v200904240436,"org.eclipse.wst.xml.xpath.ui",1265145294146
stopped,bundle,org.eclipse.wst.xsl.debug.ui,1.0.0.v200904240436,"org.eclipse.wst.xsl.debug.ui",1265145294146
stopped,bundle,org.eclipse.wst.xsl.jaxp.launching,1.0.0.v200904240436,"org.eclipse.wst.xsl.jaxp.launching",1265145294147
stopped,bundle,org.eclipse.wst.xsl.launching,1.0.0.v200904241348,"org.eclipse.wst.xsl.launching",1265145294148
stopped,bundle,org.eclipse.wst.xsl.core,1.0.1.v200908101420,"org.eclipse.wst.xsl.core",1265145294148
stopped,bundle,org.eclipse.datatools.enablement.oda.xml.ui,1.2.0.v200907270953,"org.eclipse.datatools.enablement.oda.xml.ui",1265145294148
stopped,bundle,org.eclipse.datatools.enablement.oda.xml,1.2.0.v200907061455,"org.eclipse.datatools.enablement.oda.xml",1265145294148
stopped,bundle,org.eclipse.jst.jsf.apache.trinidad.tagsupport,1.1.0.v20090525,"org.eclipse.jst.jsf.apache.trinidad.tagsupport",1265145294149
stopped,bundle,org.eclipse.jst.jsf.facesconfig.ui,1.1.5.v20090902,"org.eclipse.jst.jsf.facesconfig.ui",1265145294150
stopped,bundle,org.eclipse.jst.jsf.ui,1.2.1.v20090827,"org.eclipse.jst.jsf.ui",1265145294151
stopped,bundle,org.eclipse.jst.pagedesigner.jsf.ui,1.1.3.v20090827,"org.eclipse.jst.pagedesigner.jsf.ui",1265145294152
stopped,bundle,org.eclipse.jst.pagedesigner,1.2.2.v20090903,"org.eclipse.jst.pagedesigner",1265145294154
stopped,bundle,org.eclipse.jst.jsf.core,1.2.2.v20090903,"org.eclipse.jst.jsf.core",1265145294154
stopped,bundle,org.eclipse.jst.jsf.common.ui,1.1.1.v20081209,"org.eclipse.jst.jsf.common.ui",1265145294154
stopped,bundle,org.eclipse.jst.jsf.standard.tagsupport,1.1.204.v20090903,"org.eclipse.jst.jsf.standard.tagsupport",1265145294155
stopped,bundle,org.eclipse.jst.pagedesigner.jsp.core,1.1.2.v20090601,"org.eclipse.jst.pagedesigner.jsp.core",1265145294156
stopped,bundle,org.eclipse.jst.jsf.common,1.1.7.v20090903,"org.eclipse.jst.jsf.common",1265145294156
stopped,bundle,org.eclipse.wst.jsdt.web.support.jsp,1.0.200.v200904140255,"org.eclipse.wst.jsdt.web.support.jsp",1265145294156
