what,kind,bundleId,bundleVersion,description,time
activated,view,org.eclipse.jdt.ui,3.5.1.r351_v20090821-0800,"org.eclipse.jdt.ui.PackageExplorer",1265144579068
started,bundle,org.eclipse.wst.ws.service.policy,1.0.103.v200905151848,"org.eclipse.wst.ws.service.policy",1265144594114
started,bundle,org.eclipse.wst.command.env,1.0.408.v200903110045,"org.eclipse.wst.command.env",1265144594134
started,bundle,org.eclipse.wst.ws,1.1.103.v200903111822,"org.eclipse.wst.ws",1265144594135
deactivated,workbench,org.eclipse.ui.workbench,3.5.1.M20090826-0800a,"",1265144595834
activated,workbench,org.eclipse.ui.workbench,3.5.1.M20090826-0800a,"",1265144602826
executed,command,org.eclipse.ui,3.5.1.M20090902-1000,"org.eclipse.ui.file.properties",1265144602842
deactivated,workbench,org.eclipse.ui.workbench,3.5.1.M20090826-0800a,"",1265144607999
activated,workbench,org.eclipse.ui.workbench,3.5.1.M20090826-0800a,"",1265144650455
deactivated,workbench,org.eclipse.ui.workbench,3.5.1.M20090826-0800a,"",1265144651871
activated,workbench,org.eclipse.ui.workbench,3.5.1.M20090826-0800a,"",1265144656680
executed,command,org.eclipse.ui,3.5.1.M20090902-1000,"org.eclipse.ui.file.properties",1265144656698
deactivated,workbench,org.eclipse.ui.workbench,3.5.1.M20090826-0800a,"",1265144661356
activated,workbench,org.eclipse.ui.workbench,3.5.1.M20090826-0800a,"",1265144671896
executed,command,org.eclipse.ui,3.5.1.M20090902-1000,"org.eclipse.ui.file.properties",1265144671916
deactivated,workbench,org.eclipse.ui.workbench,3.5.1.M20090826-0800a,"",1265144833994
activated,workbench,org.eclipse.ui.workbench,3.5.1.M20090826-0800a,"",1265144853811
deactivated,workbench,org.eclipse.ui.workbench,3.5.1.M20090826-0800a,"",1265144968267
activated,workbench,org.eclipse.ui.workbench,3.5.1.M20090826-0800a,"",1265145006863
deactivated,workbench,org.eclipse.ui.workbench,3.5.1.M20090826-0800a,"",1265145012725
activated,workbench,org.eclipse.ui.workbench,3.5.1.M20090826-0800a,"",1265145028972
executed,command,org.eclipse.ui.ide,3.5.1.M20090826-0800,"org.eclipse.ui.project.properties",1265145028998
deactivated,workbench,org.eclipse.ui.workbench,3.5.1.M20090826-0800a,"",1265145031123
started,bundle,org.eclipse.ui.browser,3.2.300.v20090526,"org.eclipse.ui.browser",1265145106474
activated,workbench,org.eclipse.ui.workbench,3.5.1.M20090826-0800a,"",1265145292951
