what,kind,bundleId,bundleVersion,description,time
activated,workbench,org.eclipse.ui.workbench,3.5.1.M20090826-0800a,"",1265085003683
executed,command,org.eclipse.ui,3.5.1.M20090902-1000,"org.eclipse.ui.file.properties",1265085003695
deactivated,workbench,org.eclipse.ui.workbench,3.5.1.M20090826-0800a,"",1265085017568
activated,workbench,org.eclipse.ui.workbench,3.5.1.M20090826-0800a,"",1265085614753
executed,command,org.eclipse.team.svn.ui,0.7.8.I20090904-1300,"org.eclipse.team.svn.ui.command.SynchronizeCommand",1265085620452
started,bundle,org.eclipse.wst.jsdt.manipulation,1.0.100.v200809240707,"org.eclipse.wst.jsdt.manipulation",1265085620990
started,bundle,org.eclipse.wst.jsdt.ui,1.0.200.v200905242047,"org.eclipse.wst.jsdt.ui",1265085620990
error,log,,,"SVN: '0x00000107: Synchronizing' operation finished with error",1265085621005
deactivated,workbench,org.eclipse.ui.workbench,3.5.1.M20090826-0800a,"",1265085621022
activated,workbench,org.eclipse.ui.workbench,3.5.1.M20090826-0800a,"",1265085622963
deactivated,workbench,org.eclipse.ui.workbench,3.5.1.M20090826-0800a,"",1265085629461
activated,workbench,org.eclipse.ui.workbench,3.5.1.M20090826-0800a,"",1265085629604
deactivated,workbench,org.eclipse.ui.workbench,3.5.1.M20090826-0800a,"",1265085632276
activated,workbench,org.eclipse.ui.workbench,3.5.1.M20090826-0800a,"",1265085633283
started,bundle,org.eclipse.ui.navigator,3.4.1.M20090911-1550,"org.eclipse.ui.navigator",1265085633320
started,bundle,org.eclipse.ui.navigator.resources,3.4.1.M20090826-0800,"org.eclipse.ui.navigator.resources",1265085633353
opened,view,org.eclipse.team.ui,3.5.0.I20090430-0408,"org.eclipse.team.sync.views.SynchronizeView",1265085633495
activated,view,org.eclipse.team.ui,3.5.0.I20090430-0408,"org.eclipse.team.sync.views.SynchronizeView",1265085633535
activated,view,org.eclipse.jdt.ui,3.5.1.r351_v20090821-0800,"org.eclipse.jdt.ui.PackageExplorer",1265085637002
deactivated,workbench,org.eclipse.ui.workbench,3.5.1.M20090826-0800a,"",1265085640542
activated,workbench,org.eclipse.ui.workbench,3.5.1.M20090826-0800a,"",1265086113095
executed,command,org.eclipse.ui,3.5.1.M20090902-1000,"org.eclipse.ui.file.import",1265086113111
executed,command,org.eclipse.ui,3.5.1.M20090902-1000,"org.eclipse.ui.file.import",1265086113111
deactivated,workbench,org.eclipse.ui.workbench,3.5.1.M20090826-0800a,"",1265086126902
activated,workbench,org.eclipse.ui.workbench,3.5.1.M20090826-0800a,"",1265086329108
