what,kind,bundleId,bundleVersion,description,time
activated,workbench,org.eclipse.ui.workbench,3.5.1.M20090826-0800a,"",1265125253353
deactivated,workbench,org.eclipse.ui.workbench,3.5.1.M20090826-0800a,"",1265125258317
activated,workbench,org.eclipse.ui.workbench,3.5.1.M20090826-0800a,"",1265125260523
executed,command,org.eclipse.ui,3.5.1.M20090902-1000,"org.eclipse.ui.file.save",1265125260937
activated,editor,org.eclipse.jdt.ui,3.5.1.r351_v20090821-0800,"org.eclipse.jdt.ui.CompilationUnitEditor",1265125270550
executed,command,org.eclipse.ui,3.5.1.M20090902-1000,"org.eclipse.ui.file.save",1265125270949
activated,editor,org.eclipse.jdt.ui,3.5.1.r351_v20090821-0800,"org.eclipse.jdt.ui.CompilationUnitEditor",1265125272866
opened,editor,org.eclipse.jdt.ui,3.5.1.r351_v20090821-0800,"org.eclipse.jdt.ui.CompilationUnitEditor",1265125275393
activated,editor,org.eclipse.jdt.ui,3.5.1.r351_v20090821-0800,"org.eclipse.jdt.ui.CompilationUnitEditor",1265125275448
executed,command,org.eclipse.jdt.ui,3.5.1.r351_v20090821-0800,"org.eclipse.jdt.ui.edit.text.java.open.editor",1265125275491
deactivated,workbench,org.eclipse.ui.workbench,3.5.1.M20090826-0800a,"",1265125278738
executed,command,org.eclipse.ui,3.5.1.M20090902-1000,"org.eclipse.ui.edit.findReplace",1265125278769
activated,workbench,org.eclipse.ui.workbench,3.5.1.M20090826-0800a,"",1265125282788
executed,command,org.eclipse.ui,3.5.1.M20090902-1000,"org.eclipse.ui.file.save",1265125283473
activated,view,org.eclipse.jdt.ui,3.5.1.r351_v20090821-0800,"org.eclipse.jdt.ui.PackageExplorer",1265125284113
opened,editor,org.eclipse.jdt.ui,3.5.1.r351_v20090821-0800,"org.eclipse.jdt.ui.CompilationUnitEditor",1265125284360
activated,editor,org.eclipse.jdt.ui,3.5.1.r351_v20090821-0800,"org.eclipse.jdt.ui.CompilationUnitEditor",1265125284425
deactivated,workbench,org.eclipse.ui.workbench,3.5.1.M20090826-0800a,"",1265125289003
executed,command,org.eclipse.ui,3.5.1.M20090902-1000,"org.eclipse.ui.edit.findReplace",1265125289048
activated,workbench,org.eclipse.ui.workbench,3.5.1.M20090826-0800a,"",1265125292808
executed,command,org.eclipse.ui,3.5.1.M20090902-1000,"org.eclipse.ui.file.save",1265125293649
activated,view,org.eclipse.jdt.ui,3.5.1.r351_v20090821-0800,"org.eclipse.jdt.ui.PackageExplorer",1265125295098
deactivated,workbench,org.eclipse.ui.workbench,3.5.1.M20090826-0800a,"",1265125299519
started,bundle,org.eclipse.wst.common.emf,1.1.301.v200908181930,"org.eclipse.wst.common.emf",1265125300114
started,bundle,org.eclipse.jst.j2ee.core,1.1.301.v200908181930,"org.eclipse.jst.j2ee.core",1265125300115
