what,kind,bundleId,bundleVersion,description,time
activated,editor,org.eclipse.jdt.ui,3.5.1.r351_v20090821-0800,"org.eclipse.jdt.ui.CompilationUnitEditor",1265126011700
executed,command,org.eclipse.ui,3.5.1.M20090902-1000,"org.eclipse.ui.edit.cut",1265126058454
executed,command,org.eclipse.ui,3.5.1.M20090902-1000,"org.eclipse.ui.edit.paste",1265126060209
executed,command,org.eclipse.ui,3.5.1.M20090902-1000,"org.eclipse.ui.edit.cut",1265126069846
executed,command,org.eclipse.ui,3.5.1.M20090902-1000,"org.eclipse.ui.edit.paste",1265126087443
executed,command,org.eclipse.ui,3.5.1.M20090902-1000,"org.eclipse.ui.file.save",1265126089041
executed,command,org.eclipse.ui,3.5.1.M20090902-1000,"org.eclipse.ui.edit.undo",1265126090905
executed,command,org.eclipse.ui,3.5.1.M20090902-1000,"org.eclipse.ui.file.save",1265126091568
activated,editor,org.eclipse.jdt.ui,3.5.1.r351_v20090821-0800,"org.eclipse.jdt.ui.CompilationUnitEditor",1265126092630
executed,command,org.eclipse.ui,3.5.1.M20090902-1000,"org.eclipse.ui.edit.paste",1265126095260
executed,command,org.eclipse.ui,3.5.1.M20090902-1000,"org.eclipse.ui.file.save",1265126095742
activated,editor,org.eclipse.jdt.ui,3.5.1.r351_v20090821-0800,"org.eclipse.jdt.ui.CompilationUnitEditor",1265126098160
activated,editor,org.eclipse.jdt.ui,3.5.1.r351_v20090821-0800,"org.eclipse.jdt.ui.CompilationUnitEditor",1265126098921
activated,editor,org.eclipse.jdt.ui,3.5.1.r351_v20090821-0800,"org.eclipse.jdt.ui.CompilationUnitEditor",1265126100618
activated,editor,org.eclipse.jdt.ui,3.5.1.r351_v20090821-0800,"org.eclipse.jdt.ui.CompilationUnitEditor",1265126102059
executed,command,org.eclipse.ui,3.5.1.M20090902-1000,"org.eclipse.ui.edit.cut",1265126110608
activated,editor,org.eclipse.jdt.ui,3.5.1.r351_v20090821-0800,"org.eclipse.jdt.ui.CompilationUnitEditor",1265126111183
executed,command,org.eclipse.ui,3.5.1.M20090902-1000,"org.eclipse.ui.edit.paste",1265126112085
executed,command,org.eclipse.ui,3.5.1.M20090902-1000,"org.eclipse.ui.file.save",1265126112574
activated,editor,org.eclipse.jdt.ui,3.5.1.r351_v20090821-0800,"org.eclipse.jdt.ui.CompilationUnitEditor",1265126113792
activated,editor,org.eclipse.jdt.ui,3.5.1.r351_v20090821-0800,"org.eclipse.jdt.ui.CompilationUnitEditor",1265126114693
executed,command,,,"AUTOGEN:::org.eclipse.jdt.internal.ui.CompilationUnitEditor.ruler.actions/org.eclipse.jdt.internal.ui.javaeditor.JavaSelectRulerAction",1265126119588
deactivated,workbench,org.eclipse.ui.workbench,3.5.1.M20090826-0800a,"",1265126127467
activated,workbench,org.eclipse.ui.workbench,3.5.1.M20090826-0800a,"",1265126130215
executed,command,org.eclipse.ui,3.5.1.M20090902-1000,"org.eclipse.ui.edit.paste",1265126130471
