what,kind,bundleId,bundleVersion,description,time
java.specification.vendor,sysinfo,,,"Sun Microsystems Inc.",1265084408941
java.specification.version,sysinfo,,,"1.6",1265084408941
java.vendor,sysinfo,,,"Sun Microsystems Inc.",1265084408941
java.version,sysinfo,,,"1.6.0_18",1265084408941
java.vm.info,sysinfo,,,"mixed mode, sharing",1265084408941
java.vm.name,sysinfo,,,"Java HotSpot(TM) Client VM",1265084408941
java.vm.specification.name,sysinfo,,,"Java Virtual Machine Specification",1265084408941
java.vm.specification.vendor,sysinfo,,,"Sun Microsystems Inc.",1265084408941
java.vm.specification.version,sysinfo,,,"1.0",1265084408941
java.vm.vendor,sysinfo,,,"Sun Microsystems Inc.",1265084408941
java.vm.version,sysinfo,,,"16.0-b13",1265084408941
activated,view,org.eclipse.ui.views,3.4.1.M20090826-0800,"org.eclipse.ui.views.ContentOutline",1265084409457
activated,view,org.eclipse.ui.views,3.4.1.M20090826-0800,"org.eclipse.ui.views.ContentOutline",1265084409461
closed,view,org.eclipse.ui,3.5.1.M20090902-1000,"org.eclipse.ui.internal.introview",1265084409490
activated,workbench,org.eclipse.ui.workbench,3.5.1.M20090826-0800a,"",1265084415236
activated,view,org.eclipse.jdt.ui,3.5.1.r351_v20090821-0800,"org.eclipse.jdt.ui.PackageExplorer",1265084416852
deactivated,workbench,org.eclipse.ui.workbench,3.5.1.M20090826-0800a,"",1265084417755
started,bundle,org.eclipse.compare,3.5.0.I20090514-0808,"org.eclipse.compare",1265084420335
executed,command,org.eclipse.ui,3.5.1.M20090902-1000,"org.eclipse.ui.edit.paste",1265084430752
executed,command,org.eclipse.ui,3.5.1.M20090902-1000,"org.eclipse.ui.edit.paste",1265084442277
activated,workbench,org.eclipse.ui.workbench,3.5.1.M20090826-0800a,"",1265084511289
deactivated,workbench,org.eclipse.ui.workbench,3.5.1.M20090826-0800a,"",1265084514346
activated,workbench,org.eclipse.ui.workbench,3.5.1.M20090826-0800a,"",1265084545721
executed,command,org.eclipse.ui,3.5.1.M20090902-1000,"org.eclipse.ui.file.import",1265084545734
executed,command,org.eclipse.ui,3.5.1.M20090902-1000,"org.eclipse.ui.file.import",1265084545734
