what,kind,bundleId,bundleVersion,description,time
deactivated,workbench,org.eclipse.ui.workbench,3.5.1.M20090826-0800a,"",1265125316746
activated,workbench,org.eclipse.ui.workbench,3.5.1.M20090826-0800a,"",1265125321720
opened,editor,org.eclipse.jdt.ui,3.5.1.r351_v20090821-0800,"org.eclipse.jdt.ui.CompilationUnitEditor",1265125326357
activated,editor,org.eclipse.jdt.ui,3.5.1.r351_v20090821-0800,"org.eclipse.jdt.ui.CompilationUnitEditor",1265125326408
executed,command,org.eclipse.ui,3.5.1.M20090902-1000,"org.eclipse.ui.edit.copy",1265125335089
executed,command,org.eclipse.ui,3.5.1.M20090902-1000,"org.eclipse.ui.edit.paste",1265125335817
executed,command,org.eclipse.ui,3.5.1.M20090902-1000,"org.eclipse.ui.edit.paste",1265125336643
executed,command,org.eclipse.ui,3.5.1.M20090902-1000,"org.eclipse.ui.edit.paste",1265125337355
executed,command,org.eclipse.ui,3.5.1.M20090902-1000,"org.eclipse.ui.edit.paste",1265125339306
executed,command,org.eclipse.ui,3.5.1.M20090902-1000,"org.eclipse.ui.edit.paste",1265125340265
executed,command,org.eclipse.ui,3.5.1.M20090902-1000,"org.eclipse.ui.edit.paste",1265125341226
executed,command,org.eclipse.ui,3.5.1.M20090902-1000,"org.eclipse.ui.edit.paste",1265125342110
executed,command,org.eclipse.ui,3.5.1.M20090902-1000,"org.eclipse.ui.edit.paste",1265125343070
executed,command,org.eclipse.ui,3.5.1.M20090902-1000,"org.eclipse.ui.edit.paste",1265125343945
executed,command,org.eclipse.ui,3.5.1.M20090902-1000,"org.eclipse.ui.edit.paste",1265125344784
executed,command,org.eclipse.ui,3.5.1.M20090902-1000,"org.eclipse.ui.edit.paste",1265125345569
executed,command,org.eclipse.ui,3.5.1.M20090902-1000,"org.eclipse.ui.edit.paste",1265125346356
executed,command,org.eclipse.ui,3.5.1.M20090902-1000,"org.eclipse.ui.edit.paste",1265125347217
executed,command,org.eclipse.ui,3.5.1.M20090902-1000,"org.eclipse.ui.edit.paste",1265125347951
executed,command,org.eclipse.ui,3.5.1.M20090902-1000,"org.eclipse.ui.file.save",1265125348437
activated,view,org.eclipse.jdt.ui,3.5.1.r351_v20090821-0800,"org.eclipse.jdt.ui.PackageExplorer",1265125349596
activated,editor,org.eclipse.jdt.ui,3.5.1.r351_v20090821-0800,"org.eclipse.jdt.ui.CompilationUnitEditor",1265125355640
deactivated,workbench,org.eclipse.ui.workbench,3.5.1.M20090826-0800a,"",1265125370694
activated,workbench,org.eclipse.ui.workbench,3.5.1.M20090826-0800a,"",1265125375910
executed,command,org.eclipse.jdt.ui,3.5.1.r351_v20090821-0800,"org.eclipse.jdt.ui.edit.text.java.create.getter.setter",1265125376145
