what,kind,bundleId,bundleVersion,description,time
executed,command,org.eclipse.ui,3.5.1.M20090902-1000,"org.eclipse.ui.edit.copy",1265127804608
deactivated,workbench,org.eclipse.ui.workbench,3.5.1.M20090826-0800a,"",1265127806030
activated,workbench,org.eclipse.ui.workbench,3.5.1.M20090826-0800a,"",1265127818009
executed,command,org.eclipse.ui,3.5.1.M20090902-1000,"org.eclipse.ui.edit.selectAll",1265127819010
executed,command,org.eclipse.ui,3.5.1.M20090902-1000,"org.eclipse.ui.edit.copy",1265127819387
deactivated,workbench,org.eclipse.ui.workbench,3.5.1.M20090826-0800a,"",1265127820323
activated,workbench,org.eclipse.ui.workbench,3.5.1.M20090826-0800a,"",1265127832106
deactivated,workbench,org.eclipse.ui.workbench,3.5.1.M20090826-0800a,"",1265127852784
activated,workbench,org.eclipse.ui.workbench,3.5.1.M20090826-0800a,"",1265127856028
deactivated,workbench,org.eclipse.ui.workbench,3.5.1.M20090826-0800a,"",1265127857051
activated,workbench,org.eclipse.ui.workbench,3.5.1.M20090826-0800a,"",1265127867890
deactivated,workbench,org.eclipse.ui.workbench,3.5.1.M20090826-0800a,"",1265127868483
activated,workbench,org.eclipse.ui.workbench,3.5.1.M20090826-0800a,"",1265127887687
deactivated,workbench,org.eclipse.ui.workbench,3.5.1.M20090826-0800a,"",1265127908666
activated,workbench,org.eclipse.ui.workbench,3.5.1.M20090826-0800a,"",1265127913160
executed,command,org.eclipse.ui,3.5.1.M20090902-1000,"org.eclipse.ui.edit.selectAll",1265127914073
executed,command,org.eclipse.ui,3.5.1.M20090902-1000,"org.eclipse.ui.edit.copy",1265127914752
deactivated,workbench,org.eclipse.ui.workbench,3.5.1.M20090826-0800a,"",1265127916098
activated,workbench,org.eclipse.ui.workbench,3.5.1.M20090826-0800a,"",1265127930854
executed,command,org.eclipse.ui,3.5.1.M20090902-1000,"org.eclipse.ui.edit.selectAll",1265127933491
executed,command,org.eclipse.ui,3.5.1.M20090902-1000,"org.eclipse.ui.edit.copy",1265127935830
deactivated,workbench,org.eclipse.ui.workbench,3.5.1.M20090826-0800a,"",1265127936662
activated,workbench,org.eclipse.ui.workbench,3.5.1.M20090826-0800a,"",1265127942987
executed,command,org.eclipse.ui,3.5.1.M20090902-1000,"org.eclipse.ui.edit.selectAll",1265127944087
executed,command,org.eclipse.ui,3.5.1.M20090902-1000,"org.eclipse.ui.edit.copy",1265127944401
