what,kind,bundleId,bundleVersion,description,time
activated,editor,org.eclipse.jdt.ui,3.5.1.r351_v20090821-0800,"org.eclipse.jdt.ui.CompilationUnitEditor",1265125938740
deactivated,workbench,org.eclipse.ui.workbench,3.5.1.M20090826-0800a,"",1265125940178
activated,workbench,org.eclipse.ui.workbench,3.5.1.M20090826-0800a,"",1265125946381
executed,command,org.eclipse.ui,3.5.1.M20090902-1000,"org.eclipse.ui.edit.paste",1265125946664
executed,command,org.eclipse.ui,3.5.1.M20090902-1000,"org.eclipse.ui.file.save",1265125947124
deactivated,workbench,org.eclipse.ui.workbench,3.5.1.M20090826-0800a,"",1265125949309
activated,workbench,org.eclipse.ui.workbench,3.5.1.M20090826-0800a,"",1265125951112
executed,command,org.eclipse.ui,3.5.1.M20090902-1000,"org.eclipse.ui.edit.paste",1265125952512
executed,command,org.eclipse.ui,3.5.1.M20090902-1000,"org.eclipse.ui.file.save",1265125952976
deactivated,workbench,org.eclipse.ui.workbench,3.5.1.M20090826-0800a,"",1265125954464
activated,workbench,org.eclipse.ui.workbench,3.5.1.M20090826-0800a,"",1265125956096
executed,command,org.eclipse.ui,3.5.1.M20090902-1000,"org.eclipse.ui.edit.paste",1265125956376
executed,command,org.eclipse.ui,3.5.1.M20090902-1000,"org.eclipse.ui.file.save",1265125956747
deactivated,workbench,org.eclipse.ui.workbench,3.5.1.M20090826-0800a,"",1265125958770
activated,workbench,org.eclipse.ui.workbench,3.5.1.M20090826-0800a,"",1265125964008
activated,editor,org.eclipse.jdt.ui,3.5.1.r351_v20090821-0800,"org.eclipse.jdt.ui.CompilationUnitEditor",1265125964150
activated,editor,org.eclipse.jdt.ui,3.5.1.r351_v20090821-0800,"org.eclipse.jdt.ui.CompilationUnitEditor",1265125965347
executed,command,org.eclipse.ui,3.5.1.M20090902-1000,"org.eclipse.ui.file.save",1265125972858
executed,command,org.eclipse.ui,3.5.1.M20090902-1000,"org.eclipse.ui.edit.cut",1265125974787
executed,command,org.eclipse.ui,3.5.1.M20090902-1000,"org.eclipse.ui.edit.paste",1265125976886
executed,command,org.eclipse.ui,3.5.1.M20090902-1000,"org.eclipse.ui.edit.cut",1265126006214
executed,command,org.eclipse.ui,3.5.1.M20090902-1000,"org.eclipse.ui.file.save",1265126006841
activated,editor,org.eclipse.jdt.ui,3.5.1.r351_v20090821-0800,"org.eclipse.jdt.ui.CompilationUnitEditor",1265126008161
executed,command,org.eclipse.ui,3.5.1.M20090902-1000,"org.eclipse.ui.edit.paste",1265126009154
executed,command,org.eclipse.ui,3.5.1.M20090902-1000,"org.eclipse.ui.file.save",1265126009893
