what,kind,bundleId,bundleVersion,description,time
closed,editor,org.eclipse.jdt.ui,3.5.1.r351_v20090821-0800,"org.eclipse.jdt.ui.CompilationUnitEditor",1265124088451
opened,editor,org.eclipse.jdt.ui,3.5.1.r351_v20090821-0800,"org.eclipse.jdt.ui.CompilationUnitEditor",1265124094225
activated,editor,org.eclipse.jdt.ui,3.5.1.r351_v20090821-0800,"org.eclipse.jdt.ui.CompilationUnitEditor",1265124094276
executed,command,org.eclipse.ui.workbench.texteditor,3.5.0.v20090603,"org.eclipse.ui.edit.text.toggleOverwrite",1265124107553
executed,command,org.eclipse.ui,3.5.1.M20090902-1000,"org.eclipse.ui.edit.delete",1265124111161
executed,command,org.eclipse.ui.workbench.texteditor,3.5.0.v20090603,"org.eclipse.ui.edit.text.toggleOverwrite",1265124115182
executed,command,org.eclipse.ui,3.5.1.M20090902-1000,"org.eclipse.ui.file.save",1265124123088
deactivated,workbench,org.eclipse.ui.workbench,3.5.1.M20090826-0800a,"",1265124125494
activated,workbench,org.eclipse.ui.workbench,3.5.1.M20090826-0800a,"",1265124133134
executed,command,org.eclipse.ui,3.5.1.M20090902-1000,"org.eclipse.ui.file.save",1265124135352
executed,command,,,"AUTOGEN:::org.eclipse.jdt.internal.ui.CompilationUnitEditor.ruler.actions/org.eclipse.jdt.internal.ui.javaeditor.JavaSelectRulerAction",1265124142318
deactivated,workbench,org.eclipse.ui.workbench,3.5.1.M20090826-0800a,"",1265124143221
activated,workbench,org.eclipse.ui.workbench,3.5.1.M20090826-0800a,"",1265124143386
executed,command,org.eclipse.ui,3.5.1.M20090902-1000,"org.eclipse.ui.file.save",1265124143996
activated,view,org.eclipse.jdt.ui,3.5.1.r351_v20090821-0800,"org.eclipse.jdt.callhierarchy.view",1265124146425
opened,editor,org.eclipse.jdt.ui,3.5.1.r351_v20090821-0800,"org.eclipse.jdt.ui.CompilationUnitEditor",1265124148098
activated,editor,org.eclipse.jdt.ui,3.5.1.r351_v20090821-0800,"org.eclipse.jdt.ui.CompilationUnitEditor",1265124148167
started,bundle,org.eclipse.pde.api.tools,1.0.101.v20090714,"org.eclipse.pde.api.tools",1265124162866
started,bundle,org.eclipse.pde.api.tools.ui,1.0.101.v20090820,"org.eclipse.pde.api.tools.ui",1265124162872
started,bundle,org.eclipse.mylyn.java.ui,3.3.1.v20091215-0000-e3x,"org.eclipse.mylyn.java.ui",1265124162890
executed,command,org.eclipse.ui,3.5.1.M20090902-1000,"org.eclipse.ui.edit.text.contentAssist.proposals",1265124163124
executed,command,org.eclipse.ui,3.5.1.M20090902-1000,"org.eclipse.ui.edit.undo",1265124166065
executed,command,org.eclipse.ui,3.5.1.M20090902-1000,"org.eclipse.ui.edit.undo",1265124166461
executed,command,org.eclipse.ui,3.5.1.M20090902-1000,"org.eclipse.ui.edit.text.contentAssist.proposals",1265124171433
executed,command,org.eclipse.ui,3.5.1.M20090902-1000,"org.eclipse.ui.edit.copy",1265124183337
