what,kind,bundleId,bundleVersion,description,time
deactivated,workbench,org.eclipse.ui.workbench,3.5.1.M20090826-0800a,"",1265125392339
activated,workbench,org.eclipse.ui.workbench,3.5.1.M20090826-0800a,"",1265125393913
executed,command,org.eclipse.search,3.5.1.r351_v20090708-0800,"org.eclipse.search.ui.openSearchDialog",1265125393919
deactivated,workbench,org.eclipse.ui.workbench,3.5.1.M20090826-0800a,"",1265125396083
executed,command,org.eclipse.ui,3.5.1.M20090902-1000,"org.eclipse.ui.edit.findReplace",1265125396109
activated,workbench,org.eclipse.ui.workbench,3.5.1.M20090826-0800a,"",1265125406778
executed,command,org.eclipse.ui.workbench.texteditor,3.5.0.v20090603,"org.eclipse.ui.edit.text.toggleOverwrite",1265125410252
executed,command,org.eclipse.ui,3.5.1.M20090902-1000,"org.eclipse.ui.file.save",1265125496062
activated,view,org.eclipse.jdt.ui,3.5.1.r351_v20090821-0800,"org.eclipse.jdt.ui.PackageExplorer",1265125497621
opened,editor,org.eclipse.jdt.ui,3.5.1.r351_v20090821-0800,"org.eclipse.jdt.ui.CompilationUnitEditor",1265125503839
activated,editor,org.eclipse.jdt.ui,3.5.1.r351_v20090821-0800,"org.eclipse.jdt.ui.CompilationUnitEditor",1265125503909
executed,command,org.eclipse.ui,3.5.1.M20090902-1000,"org.eclipse.ui.edit.text.contentAssist.proposals",1265125512861
deactivated,workbench,org.eclipse.ui.workbench,3.5.1.M20090826-0800a,"",1265125513805
activated,workbench,org.eclipse.ui.workbench,3.5.1.M20090826-0800a,"",1265125514001
executed,command,org.eclipse.ui,3.5.1.M20090902-1000,"org.eclipse.ui.file.save",1265125514984
executed,command,org.eclipse.ui,3.5.1.M20090902-1000,"org.eclipse.ui.edit.text.contentAssist.proposals",1265125524031
executed,command,org.eclipse.ui,3.5.1.M20090902-1000,"org.eclipse.ui.file.save",1265125529662
executed,command,org.eclipse.ui,3.5.1.M20090902-1000,"org.eclipse.ui.edit.text.contentAssist.proposals",1265125541136
executed,command,org.eclipse.ui,3.5.1.M20090902-1000,"org.eclipse.ui.edit.undo",1265125545367
executed,command,org.eclipse.ui,3.5.1.M20090902-1000,"org.eclipse.ui.edit.undo",1265125545921
executed,command,org.eclipse.ui,3.5.1.M20090902-1000,"org.eclipse.ui.edit.text.contentAssist.proposals",1265125549672
executed,command,org.eclipse.ui,3.5.1.M20090902-1000,"org.eclipse.ui.file.save",1265125558587
executed,command,org.eclipse.ui,3.5.1.M20090902-1000,"org.eclipse.ui.edit.copy",1265125561263
executed,command,org.eclipse.ui,3.5.1.M20090902-1000,"org.eclipse.ui.edit.paste",1265125563674
executed,command,org.eclipse.ui,3.5.1.M20090902-1000,"org.eclipse.ui.edit.paste",1265125564936
