what,kind,bundleId,bundleVersion,description,time
deactivated,workbench,org.eclipse.ui.workbench,3.5.1.M20090826-0800a,"",1265084546042
activated,workbench,org.eclipse.ui.workbench,3.5.1.M20090826-0800a,"",1265084597079
deactivated,workbench,org.eclipse.ui.workbench,3.5.1.M20090826-0800a,"",1265084597391
started,bundle,org.eclipse.debug.core,3.5.0.v20090526-1600,"org.eclipse.debug.core",1265084602236
started,bundle,org.eclipse.jdt.launching,3.5.0.v20090527,"org.eclipse.jdt.launching",1265084602238
started,bundle,org.eclipse.pde.core,3.5.100.v20090821,"org.eclipse.pde.core",1265084602725
started,bundle,org.eclipse.wst.jsdt.core,1.0.201.v200908101420,"org.eclipse.wst.jsdt.core",1265084603012
started,bundle,org.eclipse.jst.common.project.facet.core,1.4.1.v200908111817,"org.eclipse.jst.common.project.facet.core",1265084604414
started,bundle,org.eclipse.jpt.core,2.2.1.v200908270220,"org.eclipse.jpt.core",1265084604419
started,bundle,org.eclipse.jpt.eclipselink.core,1.2.0.v200905310000,"org.eclipse.jpt.eclipselink.core",1265084604426
started,bundle,org.eclipse.jdt.apt.core,3.3.201.R35x_v20090818-0235,"org.eclipse.jdt.apt.core",1265084674443
started,bundle,org.eclipse.jdt.apt.pluggable.core,1.0.201.R35x_v20090818-0225,"org.eclipse.jdt.apt.pluggable.core",1265084674447
activated,workbench,org.eclipse.ui.workbench,3.5.1.M20090826-0800a,"",1265084804761
started,bundle,org.eclipse.equinox.p2.ui,1.0.101.R35x_v20090819,"org.eclipse.equinox.p2.ui",1265084812095
started,bundle,org.eclipse.equinox.p2.ui.sdk,1.0.100.v20090520-1905,"org.eclipse.equinox.p2.ui.sdk",1265084812097
started,bundle,org.eclipse.equinox.p2.metadata,1.0.100.v20090525,"org.eclipse.equinox.p2.metadata",1265084812135
deactivated,workbench,org.eclipse.ui.workbench,3.5.1.M20090826-0800a,"",1265084812743
started,bundle,org.eclipse.equinox.p2.extensionlocation,1.0.100.v20090520-1905,"org.eclipse.equinox.p2.extensionlocation",1265084816906
started,bundle,org.eclipse.equinox.p2.updatesite,1.0.100.v20090525,"org.eclipse.equinox.p2.updatesite",1265084817493
started,bundle,org.eclipse.equinox.p2.publisher,1.0.0.v20090527-1812,"org.eclipse.equinox.p2.publisher",1265084817495
executed,command,org.eclipse.ui,3.5.1.M20090902-1000,"org.eclipse.ui.edit.paste",1265084844820
no handler,command,org.eclipse.ui,3.5.1.M20090902-1000,"org.eclipse.ui.edit.undo",1265084845681
activated,workbench,org.eclipse.ui.workbench,3.5.1.M20090826-0800a,"",1265084965229
executed,command,org.eclipse.equinox.p2.ui.sdk,1.0.100.v20090520-1905,"org.eclipse.equinox.p2.ui.sdk.install",1265084965239
started,bundle,org.eclipse.ltk.core.refactoring,3.5.0.v20090513-2000,"org.eclipse.ltk.core.refactoring",1265084967439
