what,kind,bundleId,bundleVersion,description,time
started,bundle,org.eclipse.jem,2.0.300.v200901272200,"org.eclipse.jem",1265125300120
started,bundle,org.eclipse.emf.ecore.xmi,2.5.0.v200906151043,"org.eclipse.emf.ecore.xmi",1265125300122
started,bundle,org.eclipse.jst.jee,1.0.201.v200909030330,"org.eclipse.jst.jee",1265125300239
started,bundle,org.eclipse.jpt.core,2.2.1.v200908270220,"org.eclipse.jpt.core",1265125300273
started,bundle,org.eclipse.jpt.eclipselink.core,1.2.0.v200905310000,"org.eclipse.jpt.eclipselink.core",1265125300275
started,bundle,org.eclipse.wst.common.frameworks.ui,1.1.301.v200908101600,"org.eclipse.wst.common.frameworks.ui",1265125300298
started,bundle,org.eclipse.wst.xml.core,1.1.401.v200908242115,"org.eclipse.wst.xml.core",1265125300303
started,bundle,org.eclipse.wst.common.emfworkbench.integration,1.1.301.v200908101600,"org.eclipse.wst.common.emfworkbench.integration",1265125300343
started,bundle,org.eclipse.wst.common.modulecore,1.1.301.v200908101600,"org.eclipse.wst.common.modulecore",1265125300354
started,bundle,org.eclipse.wst.validation,1.2.102.v200905201610,"org.eclipse.wst.validation",1265125300362
started,bundle,org.eclipse.jst.j2ee,1.1.301.v200909030330,"org.eclipse.jst.j2ee",1265125300391
activated,workbench,org.eclipse.ui.workbench,3.5.1.M20090826-0800a,"",1265125300663
executed,command,org.eclipse.ui,3.5.1.M20090902-1000,"org.eclipse.ui.edit.delete",1265125300670
activated,editor,org.eclipse.jdt.ui,3.5.1.r351_v20090821-0800,"org.eclipse.jdt.ui.CompilationUnitEditor",1265125308630
activated,view,org.eclipse.jdt.ui,3.5.1.r351_v20090821-0800,"org.eclipse.jdt.ui.PackageExplorer",1265125309866
closed,editor,org.eclipse.jdt.ui,3.5.1.r351_v20090821-0800,"org.eclipse.jdt.ui.CompilationUnitEditor",1265125309866
closed,editor,org.eclipse.jdt.ui,3.5.1.r351_v20090821-0800,"org.eclipse.jdt.ui.CompilationUnitEditor",1265125309877
closed,editor,org.eclipse.jdt.ui,3.5.1.r351_v20090821-0800,"org.eclipse.jdt.ui.CompilationUnitEditor",1265125309886
closed,editor,org.eclipse.jdt.ui,3.5.1.r351_v20090821-0800,"org.eclipse.jdt.ui.CompilationUnitEditor",1265125309898
closed,editor,org.eclipse.jdt.ui,3.5.1.r351_v20090821-0800,"org.eclipse.jdt.ui.CompilationUnitEditor",1265125309907
closed,editor,org.eclipse.jdt.ui,3.5.1.r351_v20090821-0800,"org.eclipse.jdt.ui.CompilationUnitEditor",1265125309916
closed,editor,org.eclipse.jdt.ui,3.5.1.r351_v20090821-0800,"org.eclipse.jdt.ui.CompilationUnitEditor",1265125309926
closed,editor,org.eclipse.jdt.ui,3.5.1.r351_v20090821-0800,"org.eclipse.jdt.ui.CompilationUnitEditor",1265125309936
closed,editor,org.eclipse.jdt.ui,3.5.1.r351_v20090821-0800,"org.eclipse.jdt.ui.CompilationUnitEditor",1265125309947
closed,editor,org.eclipse.jdt.ui,3.5.1.r351_v20090821-0800,"org.eclipse.jdt.ui.CompilationUnitEditor",1265125309954
