what,kind,bundleId,bundleVersion,description,time
stopped,bundle,org.eclipse.wst.ws,1.1.103.v200903111822,"org.eclipse.wst.ws",1265128510263
stopped,bundle,org.eclipse.jst.j2ee.webservice.ui,1.1.300.v200902052230,"org.eclipse.jst.j2ee.webservice.ui",1265128510264
stopped,bundle,org.eclipse.jst.j2ee.webservice,1.1.300.v200901220600,"org.eclipse.jst.j2ee.webservice",1265128510265
stopped,bundle,org.eclipse.wst.ws.parser,1.0.402.v200901220107,"org.eclipse.wst.ws.parser",1265128510265
stopped,bundle,commonj.sdo,2.1.1.v200905221342,"commonj.sdo",1265128510266
stopped,bundle,org.eclipse.datatools.enablement.oda.ws.ui,1.2.1.v200906230955,"org.eclipse.datatools.enablement.oda.ws.ui",1265128510266
stopped,bundle,org.eclipse.datatools.enablement.oda.ws,1.2.1.v200907300941,"org.eclipse.datatools.enablement.oda.ws",1265128510267
stopped,bundle,org.eclipse.wst.wsdl,1.2.1.v200908101510,"org.eclipse.wst.wsdl",1265128510268
stopped,bundle,org.eclipse.wst.wsdl.validation,1.1.401.v200902271605,"org.eclipse.wst.wsdl.validation",1265128510268
stopped,bundle,org.eclipse.wst.xsl.jaxp.debug.ui,1.0.0.v200904240436,"org.eclipse.wst.xsl.jaxp.debug.ui",1265128510269
stopped,bundle,org.eclipse.wst.xsl.ui,1.0.100.v200907172129,"org.eclipse.wst.xsl.ui",1265128510270
stopped,bundle,org.eclipse.wst.xml.xpath.ui,1.0.0.v200904240436,"org.eclipse.wst.xml.xpath.ui",1265128510270
stopped,bundle,org.eclipse.wst.xsl.debug.ui,1.0.0.v200904240436,"org.eclipse.wst.xsl.debug.ui",1265128510270
stopped,bundle,org.eclipse.wst.xsl.jaxp.launching,1.0.0.v200904240436,"org.eclipse.wst.xsl.jaxp.launching",1265128510271
stopped,bundle,org.eclipse.wst.xsl.launching,1.0.0.v200904241348,"org.eclipse.wst.xsl.launching",1265128510272
stopped,bundle,org.eclipse.wst.xsl.core,1.0.1.v200908101420,"org.eclipse.wst.xsl.core",1265128510272
stopped,bundle,org.eclipse.datatools.enablement.oda.xml.ui,1.2.0.v200907270953,"org.eclipse.datatools.enablement.oda.xml.ui",1265128510272
stopped,bundle,org.eclipse.datatools.enablement.oda.xml,1.2.0.v200907061455,"org.eclipse.datatools.enablement.oda.xml",1265128510272
stopped,bundle,org.eclipse.jst.jsf.apache.trinidad.tagsupport,1.1.0.v20090525,"org.eclipse.jst.jsf.apache.trinidad.tagsupport",1265128510273
stopped,bundle,org.eclipse.jst.jsf.facesconfig.ui,1.1.5.v20090902,"org.eclipse.jst.jsf.facesconfig.ui",1265128510274
stopped,bundle,org.eclipse.jst.jsf.ui,1.2.1.v20090827,"org.eclipse.jst.jsf.ui",1265128510275
stopped,bundle,org.eclipse.jst.pagedesigner.jsf.ui,1.1.3.v20090827,"org.eclipse.jst.pagedesigner.jsf.ui",1265128510276
stopped,bundle,org.eclipse.jst.pagedesigner,1.2.2.v20090903,"org.eclipse.jst.pagedesigner",1265128510277
stopped,bundle,org.eclipse.jst.jsf.core,1.2.2.v20090903,"org.eclipse.jst.jsf.core",1265128510277
stopped,bundle,org.eclipse.jst.jsf.common.ui,1.1.1.v20081209,"org.eclipse.jst.jsf.common.ui",1265128510278
