what,kind,bundleId,bundleVersion,description,time
stopped,bundle,org.eclipse.jst.jsp.ui,1.1.401.v200908111935,"org.eclipse.jst.jsp.ui",1265145294156
stopped,bundle,org.eclipse.jst.jsp.core,1.2.203.v200908241513,"org.eclipse.jst.jsp.core",1265145294173
stopped,bundle,org.eclipse.wst.jsdt.web.ui,1.0.200.v200904230847,"org.eclipse.wst.jsdt.web.ui",1265145294174
stopped,bundle,org.eclipse.jpt.eclipselink.ui,1.2.0.v200905310000,"org.eclipse.jpt.eclipselink.ui",1265145294176
stopped,bundle,org.eclipse.jpt.ui,2.2.1.v200909020220,"org.eclipse.jpt.ui",1265145294177
stopped,bundle,org.eclipse.jst.j2ee.ejb.annotations.ui,1.1.102.v200805140020,"org.eclipse.jst.j2ee.ejb.annotations.ui",1265145294178
stopped,bundle,org.eclipse.jst.ejb.ui,1.1.301.v200908131325,"org.eclipse.jst.ejb.ui",1265145294178
stopped,bundle,org.eclipse.jst.servlet.ui,1.1.301.v200908101600,"org.eclipse.jst.servlet.ui",1265145294179
stopped,bundle,org.eclipse.jst.jee.ui,1.0.201.v200908270924,"org.eclipse.jst.jee.ui",1265145294179
stopped,bundle,org.eclipse.jst.j2ee.navigator.ui,1.1.300.v200903120000,"org.eclipse.jst.j2ee.navigator.ui",1265145294180
stopped,bundle,org.eclipse.jst.j2ee.jca.ui,1.1.300.v200809052300,"org.eclipse.jst.j2ee.jca.ui",1265145294181
stopped,bundle,org.eclipse.jst.j2ee.ui,1.1.301.v200909020100,"org.eclipse.jst.j2ee.ui",1265145294182
stopped,bundle,org.eclipse.wst.web.ui,1.1.300.v200905242131,"org.eclipse.wst.web.ui",1265145294182
stopped,bundle,org.eclipse.wst.html.ui,1.0.401.v200908111935,"org.eclipse.wst.html.ui",1265145294183
stopped,bundle,org.eclipse.wst.css.ui,1.0.401.v200907171457,"org.eclipse.wst.css.ui",1265145294184
stopped,bundle,org.eclipse.wst.jsdt.web.core,1.0.200.v200905120445,"org.eclipse.wst.jsdt.web.core",1265145294184
stopped,bundle,org.eclipse.wst.html.core,1.1.300.v200903120608,"org.eclipse.wst.html.core",1265145294185
stopped,bundle,org.eclipse.wst.css.core,1.1.300.v200904131653,"org.eclipse.wst.css.core",1265145294186
stopped,bundle,org.eclipse.jpt.eclipselink.core,1.2.0.v200905310000,"org.eclipse.jpt.eclipselink.core",1265145294186
stopped,bundle,org.eclipse.jpt.core,2.2.1.v200908270220,"org.eclipse.jpt.core",1265145294196
stopped,bundle,org.eclipse.jst.j2ee.xdoclet.runtime,1.1.102.v200805140135,"org.eclipse.jst.j2ee.xdoclet.runtime",1265145294196
stopped,bundle,org.eclipse.jst.j2ee.ejb.annotations.xdoclet,1.2.0.v200805140020,"org.eclipse.jst.j2ee.ejb.annotations.xdoclet",1265145294197
stopped,bundle,org.eclipse.jst.j2ee.ejb.annotations.emitter,1.1.102.v200805140135,"org.eclipse.jst.j2ee.ejb.annotations.emitter",1265145294198
stopped,bundle,org.eclipse.jst.j2ee.ejb.annotation.model,1.1.102.v200805140020,"org.eclipse.jst.j2ee.ejb.annotation.model",1265145294199
stopped,bundle,org.eclipse.jst.jee.ejb,1.0.201.v200908101600,"org.eclipse.jst.jee.ejb",1265145294199
