what,kind,bundleId,bundleVersion,description,time
executed,command,org.eclipse.ui,3.5.1.M20090902-1000,"org.eclipse.ui.edit.text.contentAssist.proposals",1265125674801
deactivated,workbench,org.eclipse.ui.workbench,3.5.1.M20090826-0800a,"",1265125675893
activated,workbench,org.eclipse.ui.workbench,3.5.1.M20090826-0800a,"",1265125676076
executed,command,org.eclipse.ui,3.5.1.M20090902-1000,"org.eclipse.ui.file.save",1265125676968
deactivated,workbench,org.eclipse.ui.workbench,3.5.1.M20090826-0800a,"",1265125678293
activated,workbench,org.eclipse.ui.workbench,3.5.1.M20090826-0800a,"",1265125685011
executed,command,org.eclipse.ui,3.5.1.M20090902-1000,"org.eclipse.ui.edit.paste",1265125685457
executed,command,org.eclipse.ui,3.5.1.M20090902-1000,"org.eclipse.ui.file.save",1265125686006
executed,command,org.eclipse.ui,3.5.1.M20090902-1000,"org.eclipse.ui.edit.copy",1265125688807
executed,command,org.eclipse.ui,3.5.1.M20090902-1000,"org.eclipse.ui.edit.text.contentAssist.proposals",1265125695468
deactivated,workbench,org.eclipse.ui.workbench,3.5.1.M20090826-0800a,"",1265125699588
activated,workbench,org.eclipse.ui.workbench,3.5.1.M20090826-0800a,"",1265125699781
executed,command,org.eclipse.ui,3.5.1.M20090902-1000,"org.eclipse.ui.file.save",1265125704057
executed,command,org.eclipse.ui,3.5.1.M20090902-1000,"org.eclipse.ui.edit.paste",1265125711041
executed,command,org.eclipse.ui,3.5.1.M20090902-1000,"org.eclipse.ui.edit.paste",1265125712059
executed,command,org.eclipse.ui,3.5.1.M20090902-1000,"org.eclipse.ui.edit.text.contentAssist.proposals",1265125716740
deactivated,workbench,org.eclipse.ui.workbench,3.5.1.M20090826-0800a,"",1265125717765
activated,workbench,org.eclipse.ui.workbench,3.5.1.M20090826-0800a,"",1265125717933
executed,command,org.eclipse.ui,3.5.1.M20090902-1000,"org.eclipse.ui.file.save",1265125718337
executed,command,org.eclipse.ui,3.5.1.M20090902-1000,"org.eclipse.ui.edit.copy",1265125720388
executed,command,org.eclipse.ui,3.5.1.M20090902-1000,"org.eclipse.ui.edit.paste",1265125722029
executed,command,org.eclipse.ui,3.5.1.M20090902-1000,"org.eclipse.ui.file.save",1265125722588
deactivated,workbench,org.eclipse.ui.workbench,3.5.1.M20090826-0800a,"",1265125730205
activated,workbench,org.eclipse.ui.workbench,3.5.1.M20090826-0800a,"",1265125750287
executed,command,org.eclipse.ui,3.5.1.M20090902-1000,"org.eclipse.ui.edit.paste",1265125751079
