what,kind,bundleId,bundleVersion,description,time
executed,command,org.eclipse.ui,3.5.1.M20090902-1000,"org.eclipse.ui.file.save",1265127036026
activated,view,org.eclipse.jdt.ui,3.5.1.r351_v20090821-0800,"org.eclipse.jdt.ui.PackageExplorer",1265127037820
activated,editor,org.eclipse.jdt.ui,3.5.1.r351_v20090821-0800,"org.eclipse.jdt.ui.CompilationUnitEditor",1265127039670
executed,command,org.eclipse.ui,3.5.1.M20090902-1000,"org.eclipse.ui.edit.copy",1265127051261
executed,command,org.eclipse.ui,3.5.1.M20090902-1000,"org.eclipse.ui.edit.paste",1265127051856
deactivated,workbench,org.eclipse.ui.workbench,3.5.1.M20090826-0800a,"",1265127055326
activated,workbench,org.eclipse.ui.workbench,3.5.1.M20090826-0800a,"",1265127055463
executed,command,org.eclipse.ui,3.5.1.M20090902-1000,"org.eclipse.ui.edit.copy",1265127058273
executed,command,org.eclipse.ui,3.5.1.M20090902-1000,"org.eclipse.ui.edit.paste",1265127059198
executed,command,org.eclipse.ui,3.5.1.M20090902-1000,"org.eclipse.ui.edit.paste",1265127059916
executed,command,org.eclipse.ui,3.5.1.M20090902-1000,"org.eclipse.ui.file.save",1265127062602
activated,view,org.eclipse.ui.console,3.4.0.v20090513,"org.eclipse.ui.console.ConsoleView",1265127068274
started,bundle,org.eclipse.wst.xsl.debug.ui,1.0.0.v200904240436,"org.eclipse.wst.xsl.debug.ui",1265127070266
deactivated,workbench,org.eclipse.ui.workbench,3.5.1.M20090826-0800a,"",1265127083943
activated,workbench,org.eclipse.ui.workbench,3.5.1.M20090826-0800a,"",1265127093208
activated,editor,org.eclipse.jdt.ui,3.5.1.r351_v20090821-0800,"org.eclipse.jdt.ui.CompilationUnitEditor",1265127108247
executed,command,org.eclipse.ui,3.5.1.M20090902-1000,"org.eclipse.ui.edit.text.contentAssist.proposals",1265127124820
activated,editor,org.eclipse.jdt.ui,3.5.1.r351_v20090821-0800,"org.eclipse.jdt.ui.CompilationUnitEditor",1265127141870
executed,command,org.eclipse.ui,3.5.1.M20090902-1000,"org.eclipse.ui.edit.copy",1265127145020
activated,editor,org.eclipse.jdt.ui,3.5.1.r351_v20090821-0800,"org.eclipse.jdt.ui.CompilationUnitEditor",1265127145724
executed,command,org.eclipse.ui,3.5.1.M20090902-1000,"org.eclipse.ui.edit.paste",1265127146381
executed,command,org.eclipse.ui,3.5.1.M20090902-1000,"org.eclipse.ui.file.save",1265127146839
activated,view,org.eclipse.ui.console,3.4.0.v20090513,"org.eclipse.ui.console.ConsoleView",1265127151450
deactivated,workbench,org.eclipse.ui.workbench,3.5.1.M20090826-0800a,"",1265127162211
activated,workbench,org.eclipse.ui.workbench,3.5.1.M20090826-0800a,"",1265127174476
