what,kind,bundleId,bundleVersion,description,time
executed,command,org.eclipse.ui,3.5.1.M20090902-1000,"org.eclipse.ui.edit.undo",1265124669589
activated,view,org.eclipse.jdt.ui,3.5.1.r351_v20090821-0800,"org.eclipse.jdt.callhierarchy.view",1265124670830
activated,editor,org.eclipse.jdt.ui,3.5.1.r351_v20090821-0800,"org.eclipse.jdt.ui.CompilationUnitEditor",1265124674154
executed,command,org.eclipse.ui,3.5.1.M20090902-1000,"org.eclipse.ui.edit.copy",1265124675296
activated,view,org.eclipse.jdt.ui,3.5.1.r351_v20090821-0800,"org.eclipse.jdt.callhierarchy.view",1265124676250
activated,editor,org.eclipse.jdt.ui,3.5.1.r351_v20090821-0800,"org.eclipse.jdt.ui.CompilationUnitEditor",1265124680995
executed,command,org.eclipse.ui,3.5.1.M20090902-1000,"org.eclipse.ui.edit.paste",1265124681366
executed,command,org.eclipse.ui,3.5.1.M20090902-1000,"org.eclipse.ui.file.save",1265124682003
executed,command,org.eclipse.ui,3.5.1.M20090902-1000,"org.eclipse.ui.edit.cut",1265124686792
executed,command,org.eclipse.ui,3.5.1.M20090902-1000,"org.eclipse.ui.edit.paste",1265124688848
executed,command,org.eclipse.ui,3.5.1.M20090902-1000,"org.eclipse.ui.file.save",1265124689519
executed,command,org.eclipse.ui,3.5.1.M20090902-1000,"org.eclipse.ui.edit.copy",1265124696277
executed,command,org.eclipse.ui,3.5.1.M20090902-1000,"org.eclipse.ui.edit.paste",1265124698580
executed,command,org.eclipse.ui,3.5.1.M20090902-1000,"org.eclipse.ui.file.save",1265124699257
activated,view,org.eclipse.jdt.ui,3.5.1.r351_v20090821-0800,"org.eclipse.jdt.callhierarchy.view",1265124704028
activated,editor,org.eclipse.jdt.ui,3.5.1.r351_v20090821-0800,"org.eclipse.jdt.ui.CompilationUnitEditor",1265124704307
activated,view,org.eclipse.jdt.ui,3.5.1.r351_v20090821-0800,"org.eclipse.jdt.callhierarchy.view",1265124706638
activated,editor,org.eclipse.jdt.ui,3.5.1.r351_v20090821-0800,"org.eclipse.jdt.ui.CompilationUnitEditor",1265124706789
executed,command,org.eclipse.ui,3.5.1.M20090902-1000,"org.eclipse.ui.edit.copy",1265124709646
activated,view,org.eclipse.jdt.ui,3.5.1.r351_v20090821-0800,"org.eclipse.jdt.callhierarchy.view",1265124710678
activated,editor,org.eclipse.jdt.ui,3.5.1.r351_v20090821-0800,"org.eclipse.jdt.ui.CompilationUnitEditor",1265124710822
executed,command,org.eclipse.ui,3.5.1.M20090902-1000,"org.eclipse.ui.edit.paste",1265124712959
executed,command,org.eclipse.ui,3.5.1.M20090902-1000,"org.eclipse.ui.file.save",1265124713495
deactivated,workbench,org.eclipse.ui.workbench,3.5.1.M20090826-0800a,"",1265124719134
activated,workbench,org.eclipse.ui.workbench,3.5.1.M20090826-0800a,"",1265124722920
