what,kind,bundleId,bundleVersion,description,time
deactivated,workbench,org.eclipse.ui.workbench,3.5.1.M20090826-0800a,"",1265127945038
activated,workbench,org.eclipse.ui.workbench,3.5.1.M20090826-0800a,"",1265128218814
activated,editor,org.eclipse.jdt.ui,3.5.1.r351_v20090821-0800,"org.eclipse.jdt.ui.CompilationUnitEditor",1265128218839
activated,view,org.eclipse.jdt.ui,3.5.1.r351_v20090821-0800,"org.eclipse.jdt.ui.PackageExplorer",1265128221905
opened,editor,org.eclipse.jdt.ui,3.5.1.r351_v20090821-0800,"org.eclipse.jdt.ui.CompilationUnitEditor",1265128230003
activated,editor,org.eclipse.jdt.ui,3.5.1.r351_v20090821-0800,"org.eclipse.jdt.ui.CompilationUnitEditor",1265128230068
deactivated,workbench,org.eclipse.ui.workbench,3.5.1.M20090826-0800a,"",1265128233601
activated,workbench,org.eclipse.ui.workbench,3.5.1.M20090826-0800a,"",1265128238330
deactivated,workbench,org.eclipse.ui.workbench,3.5.1.M20090826-0800a,"",1265128238603
executed,command,org.eclipse.ui,3.5.1.M20090902-1000,"org.eclipse.ui.edit.findReplace",1265128238624
executed,command,org.eclipse.ui,3.5.1.M20090902-1000,"org.eclipse.ui.edit.paste",1265128239167
activated,workbench,org.eclipse.ui.workbench,3.5.1.M20090826-0800a,"",1265128241219
deactivated,workbench,org.eclipse.ui.workbench,3.5.1.M20090826-0800a,"",1265128243293
activated,workbench,org.eclipse.ui.workbench,3.5.1.M20090826-0800a,"",1265128245896
executed,command,org.eclipse.ui,3.5.1.M20090902-1000,"org.eclipse.ui.edit.paste",1265128248741
executed,command,org.eclipse.ui,3.5.1.M20090902-1000,"org.eclipse.ui.file.save",1265128249192
deactivated,workbench,org.eclipse.ui.workbench,3.5.1.M20090826-0800a,"",1265128253151
activated,workbench,org.eclipse.ui.workbench,3.5.1.M20090826-0800a,"",1265128253805
activated,view,org.eclipse.ui.console,3.4.0.v20090513,"org.eclipse.ui.console.ConsoleView",1265128257550
deactivated,workbench,org.eclipse.ui.workbench,3.5.1.M20090826-0800a,"",1265128260572
activated,workbench,org.eclipse.ui.workbench,3.5.1.M20090826-0800a,"",1265128264643
deactivated,workbench,org.eclipse.ui.workbench,3.5.1.M20090826-0800a,"",1265128271283
activated,workbench,org.eclipse.ui.workbench,3.5.1.M20090826-0800a,"",1265128271650
deactivated,workbench,org.eclipse.ui.workbench,3.5.1.M20090826-0800a,"",1265128272826
activated,workbench,org.eclipse.ui.workbench,3.5.1.M20090826-0800a,"",1265128323623
