what,kind,bundleId,bundleVersion,description,time
executed,command,org.eclipse.ui,3.5.1.M20090902-1000,"org.eclipse.ui.file.save",1265125752025
executed,command,org.eclipse.ui,3.5.1.M20090902-1000,"org.eclipse.ui.file.save",1265125760084
deactivated,workbench,org.eclipse.ui.workbench,3.5.1.M20090826-0800a,"",1265125782153
activated,workbench,org.eclipse.ui.workbench,3.5.1.M20090826-0800a,"",1265125785665
activated,view,org.eclipse.jdt.ui,3.5.1.r351_v20090821-0800,"org.eclipse.jdt.ui.PackageExplorer",1265125786714
activated,editor,org.eclipse.jdt.ui,3.5.1.r351_v20090821-0800,"org.eclipse.jdt.ui.CompilationUnitEditor",1265125790496
executed,command,org.eclipse.ui,3.5.1.M20090902-1000,"org.eclipse.ui.file.save",1265125798534
deactivated,workbench,org.eclipse.ui.workbench,3.5.1.M20090826-0800a,"",1265125804303
activated,workbench,org.eclipse.ui.workbench,3.5.1.M20090826-0800a,"",1265125814476
executed,command,org.eclipse.ui,3.5.1.M20090902-1000,"org.eclipse.ui.edit.paste",1265125815997
executed,command,org.eclipse.ui,3.5.1.M20090902-1000,"org.eclipse.ui.file.save",1265125816513
executed,command,org.eclipse.ui,3.5.1.M20090902-1000,"org.eclipse.ui.edit.text.contentAssist.proposals",1265125821040
executed,command,org.eclipse.ui,3.5.1.M20090902-1000,"org.eclipse.ui.file.save",1265125821858
deactivated,workbench,org.eclipse.ui.workbench,3.5.1.M20090826-0800a,"",1265125823993
activated,workbench,org.eclipse.ui.workbench,3.5.1.M20090826-0800a,"",1265125826216
executed,command,org.eclipse.ui,3.5.1.M20090902-1000,"org.eclipse.ui.edit.paste",1265125826453
executed,command,org.eclipse.ui,3.5.1.M20090902-1000,"org.eclipse.ui.file.save",1265125826822
deactivated,workbench,org.eclipse.ui.workbench,3.5.1.M20090826-0800a,"",1265125828433
activated,workbench,org.eclipse.ui.workbench,3.5.1.M20090826-0800a,"",1265125833431
executed,command,org.eclipse.ui,3.5.1.M20090902-1000,"org.eclipse.ui.edit.paste",1265125833696
deactivated,workbench,org.eclipse.ui.workbench,3.5.1.M20090826-0800a,"",1265125835447
activated,workbench,org.eclipse.ui.workbench,3.5.1.M20090826-0800a,"",1265125838839
executed,command,org.eclipse.ui,3.5.1.M20090902-1000,"org.eclipse.ui.edit.paste",1265125839297
executed,command,org.eclipse.ui,3.5.1.M20090902-1000,"org.eclipse.ui.file.save",1265125839772
executed,command,org.eclipse.ui,3.5.1.M20090902-1000,"org.eclipse.ui.edit.copy",1265125843236
