what,kind,bundleId,bundleVersion,description,time
started,bundle,org.eclipse.jdt.launching,3.5.0.v20090527,"org.eclipse.jdt.launching",1265140441213
started,bundle,org.eclipse.jdt.ui,3.5.1.r351_v20090821-0800,"org.eclipse.jdt.ui",1265140441217
started,bundle,org.eclipse.jem.util,2.0.200.v200905140200,"org.eclipse.jem.util",1265140441218
started,bundle,org.eclipse.jface,3.5.1.M20090826-0800,"org.eclipse.jface",1265140441219
started,bundle,org.eclipse.jsch.core,1.1.100.I20090430-0408,"org.eclipse.jsch.core",1265140441219
started,bundle,org.eclipse.jst.jsf.common,1.1.7.v20090903,"org.eclipse.jst.jsf.common",1265140441219
started,bundle,org.eclipse.jst.jsf.core,1.2.2.v20090903,"org.eclipse.jst.jsf.core",1265140441220
started,bundle,org.eclipse.pde.ui,3.5.0.v20090821,"org.eclipse.pde.ui",1265140441221
started,bundle,org.eclipse.search,3.5.1.r351_v20090708-0800,"org.eclipse.search",1265140441222
started,bundle,org.eclipse.team.core,3.5.0.I20090527-0620,"org.eclipse.team.core",1265140441222
started,bundle,org.eclipse.team.cvs.core,3.3.200.I20090430-0408,"org.eclipse.team.cvs.core",1265140441223
started,bundle,org.eclipse.team.cvs.ui,3.3.201.R35x_v20090826-0905,"org.eclipse.team.cvs.ui",1265140441223
started,bundle,org.eclipse.team.ui,3.5.0.I20090430-0408,"org.eclipse.team.ui",1265140441224
started,bundle,org.eclipse.ui,3.5.1.M20090902-1000,"org.eclipse.ui",1265140441225
started,bundle,org.eclipse.ui.console,3.4.0.v20090513,"org.eclipse.ui.console",1265140441226
started,bundle,org.eclipse.ui.editors,3.5.0.v20090527-2000,"org.eclipse.ui.editors",1265140441226
started,bundle,org.eclipse.ui.forms,3.4.1.v20090714_35x,"org.eclipse.ui.forms",1265140441227
started,bundle,org.eclipse.ui.ide,3.5.1.M20090826-0800,"org.eclipse.ui.ide",1265140441229
started,bundle,org.eclipse.ui.net,1.2.1.r35x_20090812-1200,"org.eclipse.ui.net",1265140441229
started,bundle,org.eclipse.ui.views,3.4.1.M20090826-0800,"org.eclipse.ui.views",1265140441230
started,bundle,org.eclipse.ui.views.log,1.0.100.v20090731,"org.eclipse.ui.views.log",1265140441230
started,bundle,org.eclipse.ui.workbench,3.5.1.M20090826-0800a,"org.eclipse.ui.workbench",1265140441231
started,bundle,org.eclipse.ui.workbench.texteditor,3.5.0.v20090603,"org.eclipse.ui.workbench.texteditor",1265140441232
started,bundle,org.eclipse.update.configurator,3.3.0.v20090312,"org.eclipse.update.configurator",1265140441232
started,bundle,org.eclipse.update.core,3.2.300.v20090525,"org.eclipse.update.core",1265140441233
