what,kind,bundleId,bundleVersion,description,time
activated,view,org.eclipse.jdt.ui,3.5.1.r351_v20090821-0800,"org.eclipse.jdt.ui.PackageExplorer",1265144341998
activated,editor,org.eclipse.jdt.ui,3.5.1.r351_v20090821-0800,"org.eclipse.jdt.ui.CompilationUnitEditor",1265144342255
activated,view,org.eclipse.jdt.ui,3.5.1.r351_v20090821-0800,"org.eclipse.jdt.ui.PackageExplorer",1265144342841
activated,editor,org.eclipse.jdt.ui,3.5.1.r351_v20090821-0800,"org.eclipse.jdt.ui.CompilationUnitEditor",1265144343074
activated,view,org.eclipse.jdt.ui,3.5.1.r351_v20090821-0800,"org.eclipse.jdt.ui.PackageExplorer",1265144343983
activated,editor,org.eclipse.jdt.ui,3.5.1.r351_v20090821-0800,"org.eclipse.jdt.ui.CompilationUnitEditor",1265144344241
activated,view,org.eclipse.jdt.ui,3.5.1.r351_v20090821-0800,"org.eclipse.jdt.ui.PackageExplorer",1265144346421
deactivated,workbench,org.eclipse.ui.workbench,3.5.1.M20090826-0800a,"",1265144358210
activated,workbench,org.eclipse.ui.workbench,3.5.1.M20090826-0800a,"",1265144383659
started,bundle,org.eclipse.jpt.core,2.2.1.v200908270220,"org.eclipse.jpt.core",1265144384198
started,bundle,org.eclipse.jpt.eclipselink.core,1.2.0.v200905310000,"org.eclipse.jpt.eclipselink.core",1265144384231
started,bundle,org.eclipse.wst.jsdt.manipulation,1.0.100.v200809240707,"org.eclipse.wst.jsdt.manipulation",1265144446010
started,bundle,org.eclipse.wst.jsdt.core,1.0.201.v200908101420,"org.eclipse.wst.jsdt.core",1265144446106
started,bundle,org.eclipse.wst.jsdt.ui,1.0.200.v200905242047,"org.eclipse.wst.jsdt.ui",1265144446160
deactivated,workbench,org.eclipse.ui.workbench,3.5.1.M20090826-0800a,"",1265144446292
activated,workbench,org.eclipse.ui.workbench,3.5.1.M20090826-0800a,"",1265144447452
started,bundle,org.eclipse.debug.ui,3.5.1.v20090811_r351,"org.eclipse.debug.ui",1265144456294
started,bundle,org.eclipse.jdt.debug,3.5.0.v20090526,"org.eclipse.jdt.debug",1265144466550
started,bundle,org.eclipse.jdt.debug.ui,3.4.1.v20090811_r351,"org.eclipse.jdt.debug.ui",1265144466577
activated,editor,org.eclipse.jdt.ui,3.5.1.r351_v20090821-0800,"org.eclipse.jdt.ui.CompilationUnitEditor",1265144466603
activated,view,org.eclipse.jdt.ui,3.5.1.r351_v20090821-0800,"org.eclipse.jdt.ui.PackageExplorer",1265144467288
deactivated,workbench,org.eclipse.ui.workbench,3.5.1.M20090826-0800a,"",1265144473540
activated,workbench,org.eclipse.ui.workbench,3.5.1.M20090826-0800a,"",1265144557089
started,bundle,org.eclipse.wst.server.core,1.1.102.v20090825,"org.eclipse.wst.server.core",1265144558085
started,bundle,org.eclipse.wst.server.ui,1.1.103.v20090909,"org.eclipse.wst.server.ui",1265144558119
