what,kind,bundleId,bundleVersion,description,time
deactivated,workbench,org.eclipse.ui.workbench,3.5.1.M20090826-0800a,"",1265123960569
closed,editor,org.eclipse.jdt.ui,3.5.1.r351_v20090821-0800,"org.eclipse.jdt.ui.CompilationUnitEditor",1265123983577
activated,workbench,org.eclipse.ui.workbench,3.5.1.M20090826-0800a,"",1265123983605
executed,command,org.eclipse.ui,3.5.1.M20090902-1000,"org.eclipse.ui.edit.rename",1265123983612
deactivated,workbench,org.eclipse.ui.workbench,3.5.1.M20090826-0800a,"",1265123987183
closed,editor,org.eclipse.jdt.ui,3.5.1.r351_v20090821-0800,"org.eclipse.jdt.ui.CompilationUnitEditor",1265124003481
activated,workbench,org.eclipse.ui.workbench,3.5.1.M20090826-0800a,"",1265124003548
executed,command,org.eclipse.ui,3.5.1.M20090902-1000,"org.eclipse.ui.edit.rename",1265124003555
activated,editor,org.eclipse.jdt.ui,3.5.1.r351_v20090821-0800,"org.eclipse.jdt.ui.CompilationUnitEditor",1265124006406
deactivated,workbench,org.eclipse.ui.workbench,3.5.1.M20090826-0800a,"",1265124011111
activated,workbench,org.eclipse.ui.workbench,3.5.1.M20090826-0800a,"",1265124068559
deactivated,workbench,org.eclipse.ui.workbench,3.5.1.M20090826-0800a,"",1265124069896
activated,workbench,org.eclipse.ui.workbench,3.5.1.M20090826-0800a,"",1265124069992
deactivated,workbench,org.eclipse.ui.workbench,3.5.1.M20090826-0800a,"",1265124076752
activated,workbench,org.eclipse.ui.workbench,3.5.1.M20090826-0800a,"",1265124076818
activated,view,org.eclipse.jdt.ui,3.5.1.r351_v20090821-0800,"org.eclipse.jdt.ui.PackageExplorer",1265124088365
closed,editor,org.eclipse.jdt.ui,3.5.1.r351_v20090821-0800,"org.eclipse.jdt.ui.CompilationUnitEditor",1265124088365
closed,editor,org.eclipse.jdt.ui,3.5.1.r351_v20090821-0800,"org.eclipse.jdt.ui.CompilationUnitEditor",1265124088375
closed,editor,org.eclipse.jdt.ui,3.5.1.r351_v20090821-0800,"org.eclipse.jdt.ui.CompilationUnitEditor",1265124088385
closed,editor,org.eclipse.jdt.ui,3.5.1.r351_v20090821-0800,"org.eclipse.jdt.ui.CompilationUnitEditor",1265124088393
closed,editor,org.eclipse.jdt.ui,3.5.1.r351_v20090821-0800,"org.eclipse.jdt.ui.CompilationUnitEditor",1265124088401
closed,editor,org.eclipse.jdt.ui,3.5.1.r351_v20090821-0800,"org.eclipse.jdt.ui.CompilationUnitEditor",1265124088408
closed,editor,org.eclipse.jdt.ui,3.5.1.r351_v20090821-0800,"org.eclipse.jdt.ui.CompilationUnitEditor",1265124088418
closed,editor,org.eclipse.jdt.ui,3.5.1.r351_v20090821-0800,"org.eclipse.jdt.ui.CompilationUnitEditor",1265124088427
closed,editor,org.eclipse.jdt.ui,3.5.1.r351_v20090821-0800,"org.eclipse.jdt.ui.CompilationUnitEditor",1265124088440
