what,kind,bundleId,bundleVersion,description,time
closed,workbench,org.eclipse.ui.workbench,3.5.1.M20090826-0800a,"",1265145293767
stopped,bundle,org.eclipse.jst.ws.axis.creation.ui,1.0.406.v200903031852,"org.eclipse.jst.ws.axis.creation.ui",1265145294112
stopped,bundle,org.eclipse.jst.ws.axis.consumption.ui,1.0.405.v200901261650,"org.eclipse.jst.ws.axis.consumption.ui",1265145294112
stopped,bundle,org.eclipse.jst.ws.axis.consumption.core,1.0.306.v200810082309,"org.eclipse.jst.ws.axis.consumption.core",1265145294113
stopped,bundle,org.eclipse.jst.ws.axis2.creation.ui,1.0.103.v200807162242,"org.eclipse.jst.ws.axis2.creation.ui",1265145294115
stopped,bundle,org.eclipse.jst.ws.axis2.consumption.ui,1.0.102.v200807232000,"org.eclipse.jst.ws.axis2.consumption.ui",1265145294127
stopped,bundle,org.eclipse.jst.ws.axis2.creation.core,1.0.105.v200901220134,"org.eclipse.jst.ws.axis2.creation.core",1265145294128
stopped,bundle,org.eclipse.jst.ws.axis2.consumption.core,1.0.104.v200810151442,"org.eclipse.jst.ws.axis2.consumption.core",1265145294128
stopped,bundle,org.eclipse.jst.ws.axis2.ui,1.0.302.v200905260749,"org.eclipse.jst.ws.axis2.ui",1265145294128
stopped,bundle,org.eclipse.jst.ws.axis2.core,1.0.104.v200810151442,"org.eclipse.jst.ws.axis2.core",1265145294129
stopped,bundle,org.eclipse.jst.ws.creation.ui,1.0.408.v200904211646,"org.eclipse.jst.ws.creation.ui",1265145294130
stopped,bundle,org.eclipse.jst.ws.consumption.ui,1.1.105.v200908192014,"org.eclipse.jst.ws.consumption.ui",1265145294131
stopped,bundle,org.eclipse.jst.ws.consumption,1.0.407.v200905191120,"org.eclipse.jst.ws.consumption",1265145294132
stopped,bundle,org.eclipse.jst.ws.uddiregistry,1.0.400.v200901261650,"org.eclipse.jst.ws.uddiregistry",1265145294132
stopped,bundle,org.eclipse.jst.ws.ui,1.0.402.v200903111822,"org.eclipse.jst.ws.ui",1265145294133
stopped,bundle,org.eclipse.jst.ws,1.0.407.v200905191120,"org.eclipse.jst.ws",1265145294134
stopped,bundle,org.eclipse.wst.ws.explorer,1.0.407.v200903301628,"org.eclipse.wst.ws.explorer",1265145294135
stopped,bundle,org.eclipse.wst.wsdl.ui,1.2.202.v200904271449,"org.eclipse.wst.wsdl.ui",1265145294136
stopped,bundle,org.eclipse.wst.ws.ui,1.1.100.v200903112221,"org.eclipse.wst.ws.ui",1265145294136
stopped,bundle,org.eclipse.wst.wsi.ui,1.0.500.v200901141851,"org.eclipse.wst.wsi.ui",1265145294137
stopped,bundle,org.eclipse.wst.wsi,1.0.305.v200902181431,"org.eclipse.wst.wsi",1265145294138
stopped,bundle,org.eclipse.wst.ws,1.1.103.v200903111822,"org.eclipse.wst.ws",1265145294138
stopped,bundle,org.eclipse.jst.j2ee.webservice.ui,1.1.300.v200902052230,"org.eclipse.jst.j2ee.webservice.ui",1265145294139
stopped,bundle,org.eclipse.jst.j2ee.webservice,1.1.300.v200901220600,"org.eclipse.jst.j2ee.webservice",1265145294140
stopped,bundle,org.eclipse.wst.ws.parser,1.0.402.v200901220107,"org.eclipse.wst.ws.parser",1265145294140
