what,kind,bundleId,bundleVersion,description,time
started,bundle,org.eclipse.update.scheduler,3.2.200.v20081127,"org.eclipse.update.scheduler",1265140441234
started,bundle,org.eclipse.wst.common.frameworks,1.1.300.v200904160730,"org.eclipse.wst.common.frameworks",1265140441234
started,bundle,org.eclipse.wst.common.project.facet.core,1.4.1.v200908111817,"org.eclipse.wst.common.project.facet.core",1265140441234
started,bundle,org.eclipse.wst.web,1.1.301.v200909021400,"org.eclipse.wst.web",1265140441235
started,bundle,org.eclipse.wst.ws.service.policy.ui,1.0.102.v200903070248,"org.eclipse.wst.ws.service.policy.ui",1265140441235
started,bundle,org.eclipse.mylyn.bugzilla.core,3.3.1.v20091215-0000-e3x,"org.eclipse.mylyn.bugzilla.core",1265140441236
started,bundle,org.eclipse.mylyn.bugzilla.ui,3.3.1.v20091215-0000-e3x,"org.eclipse.mylyn.bugzilla.ui",1265140441237
started,bundle,org.eclipse.mylyn.commons.net,3.3.0.v20091013-0200-e3x,"org.eclipse.mylyn.commons.net",1265140441237
started,bundle,org.eclipse.mylyn.commons.ui,3.3.1.v20091215-0000-e3x,"org.eclipse.mylyn.commons.ui",1265140441237
started,bundle,org.eclipse.mylyn.context.core,3.3.1.v20091215-0000-e3x,"org.eclipse.mylyn.context.core",1265140441238
started,bundle,org.eclipse.mylyn.context.ui,3.3.1.v20091215-0000-e3x,"org.eclipse.mylyn.context.ui",1265140441239
started,bundle,org.eclipse.mylyn.monitor.ui,3.3.1.v20091215-0000-e3x,"org.eclipse.mylyn.monitor.ui",1265140441239
started,bundle,org.eclipse.mylyn.tasks.ui,3.3.1.v20091215-0000-e3x,"org.eclipse.mylyn.tasks.ui",1265140441240
started,bundle,org.eclipse.mylyn.team.ui,3.3.1.v20091215-0000-e3x,"org.eclipse.mylyn.team.ui",1265140441241
started,bundle,org.eclipse.team.svn.core,0.7.8.I20090904-1300,"org.eclipse.team.svn.core",1265140441242
started,bundle,org.eclipse.team.svn.mylyn,0.7.8.I20090904-1300,"org.eclipse.team.svn.mylyn",1265140441242
started,bundle,org.eclipse.team.svn.ui,0.7.8.I20090904-1300,"org.eclipse.team.svn.ui",1265140441243
started,bundle,org.polarion.eclipse.team.svn.connector.svnkit16,2.2.1.I20091009-1900,"org.polarion.eclipse.team.svn.connector.svnkit16",1265140441243
os,sysinfo,,,"win32",1265140441246
arch,sysinfo,,,"x86",1265140441246
ws,sysinfo,,,"win32",1265140441246
locale,sysinfo,,,"fr_CA",1265140441246
processors,sysinfo,,,"2",1265140441246
java.runtime.name,sysinfo,,,"Java(TM) SE Runtime Environment",1265140441246
java.runtime.version,sysinfo,,,"1.6.0_18-b07",1265140441246
