what,kind,bundleId,bundleVersion,description,time
processors,sysinfo,,,"2",1265123463917
java.runtime.name,sysinfo,,,"Java(TM) SE Runtime Environment",1265123463917
java.runtime.version,sysinfo,,,"1.6.0_18-b07",1265123463917
java.specification.name,sysinfo,,,"Java Platform API Specification",1265123463917
java.specification.vendor,sysinfo,,,"Sun Microsystems Inc.",1265123463917
java.specification.version,sysinfo,,,"1.6",1265123463917
java.vendor,sysinfo,,,"Sun Microsystems Inc.",1265123463917
java.version,sysinfo,,,"1.6.0_18",1265123463917
java.vm.info,sysinfo,,,"mixed mode, sharing",1265123463917
java.vm.name,sysinfo,,,"Java HotSpot(TM) Client VM",1265123463917
java.vm.specification.name,sysinfo,,,"Java Virtual Machine Specification",1265123463917
java.vm.specification.vendor,sysinfo,,,"Sun Microsystems Inc.",1265123463917
java.vm.specification.version,sysinfo,,,"1.0",1265123463917
java.vm.vendor,sysinfo,,,"Sun Microsystems Inc.",1265123463917
java.vm.version,sysinfo,,,"16.0-b13",1265123463917
activated,workbench,org.eclipse.ui.workbench,3.5.1.M20090826-0800a,"",1265123465939
started,bundle,org.eclipse.ltk.core.refactoring,3.5.0.v20090513-2000,"org.eclipse.ltk.core.refactoring",1265123486242
started,bundle,org.eclipse.ltk.ui.refactoring,3.4.100.v20090604,"org.eclipse.ltk.ui.refactoring",1265123487144
started,bundle,org.eclipse.compare.core,3.5.0.I20090430-0408,"org.eclipse.compare.core",1265123487271
opened,editor,org.eclipse.jdt.ui,3.5.1.r351_v20090821-0800,"org.eclipse.jdt.ui.CompilationUnitEditor",1265123487562
started,bundle,org.eclipse.jst.common.project.facet.core,1.4.1.v200908111817,"org.eclipse.jst.common.project.facet.core",1265123487618
activated,editor,org.eclipse.jdt.ui,3.5.1.r351_v20090821-0800,"org.eclipse.jdt.ui.CompilationUnitEditor",1265123487710
started,bundle,org.eclipse.jdt.apt.core,3.3.201.R35x_v20090818-0235,"org.eclipse.jdt.apt.core",1265123488327
started,bundle,org.eclipse.jdt.apt.pluggable.core,1.0.201.R35x_v20090818-0225,"org.eclipse.jdt.apt.pluggable.core",1265123488337
activated,view,org.eclipse.jdt.ui,3.5.1.r351_v20090821-0800,"org.eclipse.jdt.ui.PackageExplorer",1265123498572
