what,kind,bundleId,bundleVersion,description,time
java.specification.name,sysinfo,,,"Java Platform API Specification",1265140441246
java.specification.vendor,sysinfo,,,"Sun Microsystems Inc.",1265140441246
java.specification.version,sysinfo,,,"1.6",1265140441246
java.vendor,sysinfo,,,"Sun Microsystems Inc.",1265140441246
java.version,sysinfo,,,"1.6.0_18",1265140441246
java.vm.info,sysinfo,,,"mixed mode, sharing",1265140441246
java.vm.name,sysinfo,,,"Java HotSpot(TM) Client VM",1265140441246
java.vm.specification.name,sysinfo,,,"Java Virtual Machine Specification",1265140441246
java.vm.specification.vendor,sysinfo,,,"Sun Microsystems Inc.",1265140441246
java.vm.specification.version,sysinfo,,,"1.0",1265140441246
java.vm.vendor,sysinfo,,,"Sun Microsystems Inc.",1265140441246
java.vm.version,sysinfo,,,"16.0-b13",1265140441246
started,bundle,org.eclipse.compare,3.5.0.I20090514-0808,"org.eclipse.compare",1265140447220
deactivated,workbench,org.eclipse.ui.workbench,3.5.1.M20090826-0800a,"",1265140657277
activated,workbench,org.eclipse.ui.workbench,3.5.1.M20090826-0800a,"",1265141542783
started,bundle,org.eclipse.ltk.core.refactoring,3.5.0.v20090513-2000,"org.eclipse.ltk.core.refactoring",1265141556073
started,bundle,org.eclipse.ltk.ui.refactoring,3.4.100.v20090604,"org.eclipse.ltk.ui.refactoring",1265141573850
started,bundle,org.eclipse.compare.core,3.5.0.I20090430-0408,"org.eclipse.compare.core",1265141574002
opened,editor,org.eclipse.jdt.ui,3.5.1.r351_v20090821-0800,"org.eclipse.jdt.ui.CompilationUnitEditor",1265141574076
started,bundle,org.eclipse.jst.common.project.facet.core,1.4.1.v200908111817,"org.eclipse.jst.common.project.facet.core",1265141574111
activated,editor,org.eclipse.jdt.ui,3.5.1.r351_v20090821-0800,"org.eclipse.jdt.ui.CompilationUnitEditor",1265141574221
started,bundle,org.eclipse.jdt.apt.core,3.3.201.R35x_v20090818-0235,"org.eclipse.jdt.apt.core",1265141575268
started,bundle,org.eclipse.jdt.apt.pluggable.core,1.0.201.R35x_v20090818-0225,"org.eclipse.jdt.apt.pluggable.core",1265141575272
deactivated,workbench,org.eclipse.ui.workbench,3.5.1.M20090826-0800a,"",1265141945140
activated,workbench,org.eclipse.ui.workbench,3.5.1.M20090826-0800a,"",1265141972445
