what,kind,bundleId,bundleVersion,description,time
started,bundle,org.eclipse.jdt.core.manipulation,1.3.0.v20090603,"org.eclipse.jdt.core.manipulation",1265123463878
started,bundle,org.eclipse.jdt.launching,3.5.0.v20090527,"org.eclipse.jdt.launching",1265123463878
started,bundle,org.eclipse.jdt.ui,3.5.1.r351_v20090821-0800,"org.eclipse.jdt.ui",1265123463882
started,bundle,org.eclipse.jem.util,2.0.200.v200905140200,"org.eclipse.jem.util",1265123463883
started,bundle,org.eclipse.jface,3.5.1.M20090826-0800,"org.eclipse.jface",1265123463883
started,bundle,org.eclipse.jsch.core,1.1.100.I20090430-0408,"org.eclipse.jsch.core",1265123463884
started,bundle,org.eclipse.jst.jsf.common,1.1.7.v20090903,"org.eclipse.jst.jsf.common",1265123463884
started,bundle,org.eclipse.jst.jsf.core,1.2.2.v20090903,"org.eclipse.jst.jsf.core",1265123463885
started,bundle,org.eclipse.pde.ui,3.5.0.v20090821,"org.eclipse.pde.ui",1265123463887
started,bundle,org.eclipse.search,3.5.1.r351_v20090708-0800,"org.eclipse.search",1265123463888
started,bundle,org.eclipse.team.core,3.5.0.I20090527-0620,"org.eclipse.team.core",1265123463888
started,bundle,org.eclipse.team.cvs.core,3.3.200.I20090430-0408,"org.eclipse.team.cvs.core",1265123463889
started,bundle,org.eclipse.team.cvs.ui,3.3.201.R35x_v20090826-0905,"org.eclipse.team.cvs.ui",1265123463890
started,bundle,org.eclipse.team.ui,3.5.0.I20090430-0408,"org.eclipse.team.ui",1265123463891
started,bundle,org.eclipse.ui,3.5.1.M20090902-1000,"org.eclipse.ui",1265123463892
started,bundle,org.eclipse.ui.console,3.4.0.v20090513,"org.eclipse.ui.console",1265123463893
started,bundle,org.eclipse.ui.editors,3.5.0.v20090527-2000,"org.eclipse.ui.editors",1265123463894
started,bundle,org.eclipse.ui.forms,3.4.1.v20090714_35x,"org.eclipse.ui.forms",1265123463894
started,bundle,org.eclipse.ui.ide,3.5.1.M20090826-0800,"org.eclipse.ui.ide",1265123463895
started,bundle,org.eclipse.ui.navigator,3.4.1.M20090911-1550,"org.eclipse.ui.navigator",1265123463896
started,bundle,org.eclipse.ui.navigator.resources,3.4.1.M20090826-0800,"org.eclipse.ui.navigator.resources",1265123463897
started,bundle,org.eclipse.ui.net,1.2.1.r35x_20090812-1200,"org.eclipse.ui.net",1265123463897
started,bundle,org.eclipse.ui.views,3.4.1.M20090826-0800,"org.eclipse.ui.views",1265123463898
started,bundle,org.eclipse.ui.views.log,1.0.100.v20090731,"org.eclipse.ui.views.log",1265123463898
started,bundle,org.eclipse.ui.workbench,3.5.1.M20090826-0800a,"org.eclipse.ui.workbench",1265123463899
