what,kind,bundleId,bundleVersion,description,time
activated,view,org.eclipse.jdt.ui,3.5.1.r351_v20090821-0800,"org.eclipse.jdt.ui.PackageExplorer",1265126798113
opened,editor,org.eclipse.jdt.ui,3.5.1.r351_v20090821-0800,"org.eclipse.jdt.ui.CompilationUnitEditor",1265126799527
activated,editor,org.eclipse.jdt.ui,3.5.1.r351_v20090821-0800,"org.eclipse.jdt.ui.CompilationUnitEditor",1265126799587
executed,command,org.eclipse.ui,3.5.1.M20090902-1000,"org.eclipse.ui.file.save",1265126807484
activated,editor,org.eclipse.jdt.ui,3.5.1.r351_v20090821-0800,"org.eclipse.jdt.ui.CompilationUnitEditor",1265126812890
activated,view,org.eclipse.jdt.ui,3.5.1.r351_v20090821-0800,"org.eclipse.jdt.ui.PackageExplorer",1265126821775
started,bundle,org.eclipse.wst.server.core,1.1.102.v20090825,"org.eclipse.wst.server.core",1265126827529
started,bundle,org.eclipse.wst.server.ui,1.1.103.v20090909,"org.eclipse.wst.server.ui",1265126827556
started,bundle,org.python.pydev.core,1.5.4.2010011921,"org.python.pydev.core",1265126827647
started,bundle,org.python.pydev.debug,1.5.4.2010011921,"org.python.pydev.debug",1265126827663
started,bundle,org.python.pydev.customizations,1.5.4.2010011921,"org.python.pydev.customizations",1265126827680
started,bundle,com.python.pydev.analysis,1.5.4.2010011921,"com.python.pydev.analysis",1265126827754
started,bundle,org.python.pydev,1.5.4.2010011921,"org.python.pydev",1265126827761
activated,editor,org.eclipse.jdt.ui,3.5.1.r351_v20090821-0800,"org.eclipse.jdt.ui.CompilationUnitEditor",1265126830315
activated,view,org.eclipse.jdt.ui,3.5.1.r351_v20090821-0800,"org.eclipse.jdt.ui.PackageExplorer",1265126831327
executed,command,org.eclipse.jdt.debug.ui,3.4.1.v20090811_r351,"org.eclipse.jdt.debug.ui.localJavaShortcut.run",1265126838235
deactivated,workbench,org.eclipse.ui.workbench,3.5.1.M20090826-0800a,"",1265126851792
activated,workbench,org.eclipse.ui.workbench,3.5.1.M20090826-0800a,"",1265126853545
executed,command,org.eclipse.jdt.debug.ui,3.4.1.v20090811_r351,"org.eclipse.jdt.debug.ui.localJavaShortcut.run",1265126853563
deactivated,workbench,org.eclipse.ui.workbench,3.5.1.M20090826-0800a,"",1265126855332
activated,workbench,org.eclipse.ui.workbench,3.5.1.M20090826-0800a,"",1265126857424
activated,view,org.eclipse.ui.console,3.4.0.v20090513,"org.eclipse.ui.console.ConsoleView",1265126857518
deactivated,workbench,org.eclipse.ui.workbench,3.5.1.M20090826-0800a,"",1265126858988
activated,workbench,org.eclipse.ui.workbench,3.5.1.M20090826-0800a,"",1265126885565
activated,editor,org.eclipse.jdt.ui,3.5.1.r351_v20090821-0800,"org.eclipse.jdt.ui.CompilationUnitEditor",1265126896193
