what,kind,bundleId,bundleVersion,description,time
executed,command,org.eclipse.ui,3.5.1.M20090902-1000,"org.eclipse.ui.edit.undo",1265125605145
executed,command,org.eclipse.ui,3.5.1.M20090902-1000,"org.eclipse.ui.edit.undo",1265125605180
executed,command,org.eclipse.ui,3.5.1.M20090902-1000,"org.eclipse.ui.edit.undo",1265125605219
executed,command,org.eclipse.ui,3.5.1.M20090902-1000,"org.eclipse.ui.edit.undo",1265125605250
executed,command,org.eclipse.ui,3.5.1.M20090902-1000,"org.eclipse.ui.edit.undo",1265125605285
executed,command,org.eclipse.ui,3.5.1.M20090902-1000,"org.eclipse.ui.edit.undo",1265125605331
executed,command,org.eclipse.ui,3.5.1.M20090902-1000,"org.eclipse.ui.edit.undo",1265125605359
executed,command,org.eclipse.ui,3.5.1.M20090902-1000,"org.eclipse.ui.file.save",1265125616421
executed,command,org.eclipse.ui.workbench.texteditor,3.5.0.v20090603,"org.eclipse.ui.edit.text.toggleOverwrite",1265125625996
deactivated,workbench,org.eclipse.ui.workbench,3.5.1.M20090826-0800a,"",1265125627295
activated,workbench,org.eclipse.ui.workbench,3.5.1.M20090826-0800a,"",1265125639442
executed,command,org.eclipse.ui,3.5.1.M20090902-1000,"org.eclipse.ui.edit.paste",1265125639776
executed,command,org.eclipse.ui,3.5.1.M20090902-1000,"org.eclipse.ui.file.save",1265125640958
deactivated,workbench,org.eclipse.ui.workbench,3.5.1.M20090826-0800a,"",1265125643195
activated,workbench,org.eclipse.ui.workbench,3.5.1.M20090826-0800a,"",1265125646144
executed,command,org.eclipse.ui,3.5.1.M20090902-1000,"org.eclipse.ui.edit.paste",1265125646421
executed,command,org.eclipse.ui,3.5.1.M20090902-1000,"org.eclipse.ui.file.save",1265125647050
deactivated,workbench,org.eclipse.ui.workbench,3.5.1.M20090826-0800a,"",1265125652060
activated,workbench,org.eclipse.ui.workbench,3.5.1.M20090826-0800a,"",1265125660310
executed,command,org.eclipse.ui,3.5.1.M20090902-1000,"org.eclipse.ui.edit.paste",1265125660685
executed,command,org.eclipse.ui,3.5.1.M20090902-1000,"org.eclipse.ui.file.save",1265125661255
deactivated,workbench,org.eclipse.ui.workbench,3.5.1.M20090826-0800a,"",1265125663378
activated,workbench,org.eclipse.ui.workbench,3.5.1.M20090826-0800a,"",1265125667493
executed,command,org.eclipse.ui,3.5.1.M20090902-1000,"org.eclipse.ui.edit.paste",1265125669250
executed,command,org.eclipse.ui,3.5.1.M20090902-1000,"org.eclipse.ui.file.save",1265125669764
