what,kind,bundleId,bundleVersion,description,time
activated,editor,org.eclipse.jdt.ui,3.5.1.r351_v20090821-0800,"org.eclipse.jdt.ui.CompilationUnitEditor",1265127373074
activated,view,org.eclipse.ui.console,3.4.0.v20090513,"org.eclipse.ui.console.ConsoleView",1265127378872
activated,editor,org.eclipse.jdt.ui,3.5.1.r351_v20090821-0800,"org.eclipse.jdt.ui.CompilationUnitEditor",1265127379007
activated,view,org.eclipse.ui.console,3.4.0.v20090513,"org.eclipse.ui.console.ConsoleView",1265127381960
opened,editor,org.eclipse.jdt.ui,3.5.1.r351_v20090821-0800,"org.eclipse.jdt.ui.CompilationUnitEditor",1265127383946
activated,editor,org.eclipse.jdt.ui,3.5.1.r351_v20090821-0800,"org.eclipse.jdt.ui.CompilationUnitEditor",1265127384014
activated,view,org.eclipse.ui.console,3.4.0.v20090513,"org.eclipse.ui.console.ConsoleView",1265127387585
opened,editor,org.eclipse.jdt.ui,3.5.1.r351_v20090821-0800,"org.eclipse.jdt.ui.CompilationUnitEditor",1265127390721
activated,editor,org.eclipse.jdt.ui,3.5.1.r351_v20090821-0800,"org.eclipse.jdt.ui.CompilationUnitEditor",1265127390781
activated,view,org.eclipse.ui.console,3.4.0.v20090513,"org.eclipse.ui.console.ConsoleView",1265127393248
deactivated,workbench,org.eclipse.ui.workbench,3.5.1.M20090826-0800a,"",1265127401213
activated,workbench,org.eclipse.ui.workbench,3.5.1.M20090826-0800a,"",1265127421056
deactivated,workbench,org.eclipse.ui.workbench,3.5.1.M20090826-0800a,"",1265127434131
activated,workbench,org.eclipse.ui.workbench,3.5.1.M20090826-0800a,"",1265127445763
deactivated,workbench,org.eclipse.ui.workbench,3.5.1.M20090826-0800a,"",1265127450333
activated,workbench,org.eclipse.ui.workbench,3.5.1.M20090826-0800a,"",1265127453342
deactivated,workbench,org.eclipse.ui.workbench,3.5.1.M20090826-0800a,"",1265127453789
activated,workbench,org.eclipse.ui.workbench,3.5.1.M20090826-0800a,"",1265127485580
deactivated,workbench,org.eclipse.ui.workbench,3.5.1.M20090826-0800a,"",1265127486054
activated,workbench,org.eclipse.ui.workbench,3.5.1.M20090826-0800a,"",1265127486168
activated,view,org.eclipse.jdt.ui,3.5.1.r351_v20090821-0800,"org.eclipse.jdt.ui.PackageExplorer",1265127492180
deactivated,workbench,org.eclipse.ui.workbench,3.5.1.M20090826-0800a,"",1265127496578
activated,workbench,org.eclipse.ui.workbench,3.5.1.M20090826-0800a,"",1265127498849
executed,command,org.eclipse.jdt.debug.ui,3.4.1.v20090811_r351,"org.eclipse.jdt.debug.ui.localJavaShortcut.run",1265127498870
deactivated,workbench,org.eclipse.ui.workbench,3.5.1.M20090826-0800a,"",1265127499795
