what,kind,bundleId,bundleVersion,description,time
stopped,bundle,org.eclipse.jst.j2ee.ejb.annotations.xdoclet,1.2.0.v200805140020,"org.eclipse.jst.j2ee.ejb.annotations.xdoclet",1265128510318
stopped,bundle,org.eclipse.jst.j2ee.ejb.annotations.emitter,1.1.102.v200805140135,"org.eclipse.jst.j2ee.ejb.annotations.emitter",1265128510318
stopped,bundle,org.eclipse.jst.j2ee.ejb.annotation.model,1.1.102.v200805140020,"org.eclipse.jst.j2ee.ejb.annotation.model",1265128510319
stopped,bundle,org.eclipse.jst.jee.ejb,1.0.201.v200908101600,"org.eclipse.jst.jee.ejb",1265128510319
stopped,bundle,org.eclipse.jst.j2ee.ejb,1.1.300.v200904230730,"org.eclipse.jst.j2ee.ejb",1265128510321
stopped,bundle,org.eclipse.jst.jee.web,1.0.200.v200904130912,"org.eclipse.jst.jee.web",1265128510322
stopped,bundle,org.eclipse.jst.j2ee.web,1.1.301.v200908270924,"org.eclipse.jst.j2ee.web",1265128510323
stopped,bundle,org.eclipse.jst.jee,1.0.201.v200909030330,"org.eclipse.jst.jee",1265128510323
stopped,bundle,org.eclipse.jst.j2ee.jca,1.1.300.v200903120000,"org.eclipse.jst.j2ee.jca",1265128510323
stopped,bundle,org.eclipse.jst.jsf.facesconfig,1.1.3.v20090902,"org.eclipse.jst.jsf.facesconfig",1265128510326
stopped,bundle,org.eclipse.jst.j2ee,1.1.301.v200909030330,"org.eclipse.jst.j2ee",1265128510327
stopped,bundle,org.eclipse.jst.j2ee.core,1.1.301.v200908181930,"org.eclipse.jst.j2ee.core",1265128510327
stopped,bundle,org.eclipse.wst.dtd.ui,1.0.400.v200904300717,"org.eclipse.wst.dtd.ui",1265128510328
stopped,bundle,org.eclipse.wst.dtd.core,1.1.300.v200904181727,"org.eclipse.wst.dtd.core",1265128510329
