what,kind,bundleId,bundleVersion,description,time
activated,editor,org.eclipse.jdt.ui,3.5.1.r351_v20090821-0800,"org.eclipse.jdt.ui.CompilationUnitEditor",1265127181524
executed,command,org.eclipse.ui,3.5.1.M20090902-1000,"org.eclipse.ui.file.save",1265127202887
executed,command,org.eclipse.ui,3.5.1.M20090902-1000,"org.eclipse.ui.file.save",1265127204797
executed,command,org.eclipse.ui,3.5.1.M20090902-1000,"org.eclipse.ui.edit.text.contentAssist.proposals",1265127210567
executed,command,org.eclipse.ui,3.5.1.M20090902-1000,"org.eclipse.ui.file.save",1265127217849
executed,command,org.eclipse.ui,3.5.1.M20090902-1000,"org.eclipse.ui.file.save",1265127226978
deactivated,workbench,org.eclipse.ui.workbench,3.5.1.M20090826-0800a,"",1265127233758
activated,workbench,org.eclipse.ui.workbench,3.5.1.M20090826-0800a,"",1265127233935
executed,command,org.eclipse.ui,3.5.1.M20090902-1000,"org.eclipse.ui.file.save",1265127246249
activated,view,org.eclipse.ui.ide,3.5.1.M20090826-0800,"org.eclipse.ui.views.ProblemView",1265127254789
activated,editor,org.eclipse.jdt.ui,3.5.1.r351_v20090821-0800,"org.eclipse.jdt.ui.CompilationUnitEditor",1265127257867
executed,command,org.eclipse.ui,3.5.1.M20090902-1000,"org.eclipse.ui.file.save",1265127270078
executed,command,org.eclipse.ui,3.5.1.M20090902-1000,"org.eclipse.ui.edit.text.contentAssist.proposals",1265127310984
executed,command,org.eclipse.ui,3.5.1.M20090902-1000,"org.eclipse.ui.file.save",1265127315253
executed,command,org.eclipse.ui,3.5.1.M20090902-1000,"org.eclipse.ui.edit.copy",1265127316753
executed,command,org.eclipse.ui,3.5.1.M20090902-1000,"org.eclipse.ui.edit.paste",1265127317513
executed,command,org.eclipse.ui,3.5.1.M20090902-1000,"org.eclipse.ui.file.save",1265127317908
executed,command,org.eclipse.ui,3.5.1.M20090902-1000,"org.eclipse.ui.file.save",1265127321026
executed,command,org.eclipse.ui,3.5.1.M20090902-1000,"org.eclipse.ui.file.save",1265127324412
activated,view,org.eclipse.ui.console,3.4.0.v20090513,"org.eclipse.ui.console.ConsoleView",1265127328225
deactivated,workbench,org.eclipse.ui.workbench,3.5.1.M20090826-0800a,"",1265127334390
activated,workbench,org.eclipse.ui.workbench,3.5.1.M20090826-0800a,"",1265127350826
deactivated,workbench,org.eclipse.ui.workbench,3.5.1.M20090826-0800a,"",1265127369357
activated,workbench,org.eclipse.ui.workbench,3.5.1.M20090826-0800a,"",1265127370747
opened,editor,org.eclipse.jdt.ui,3.5.1.r351_v20090821-0800,"org.eclipse.jdt.ui.CompilationUnitEditor",1265127372997
