what,kind,bundleId,bundleVersion,description,time
started,bundle,org.eclipse.jem.util,2.0.200.v200905140200,"org.eclipse.jem.util",1265084408902
started,bundle,org.eclipse.jface,3.5.1.M20090826-0800,"org.eclipse.jface",1265084408902
started,bundle,org.eclipse.jsch.core,1.1.100.I20090430-0408,"org.eclipse.jsch.core",1265084408902
started,bundle,org.eclipse.jst.jsf.common,1.1.7.v20090903,"org.eclipse.jst.jsf.common",1265084408903
started,bundle,org.eclipse.jst.jsf.core,1.2.2.v20090903,"org.eclipse.jst.jsf.core",1265084408904
started,bundle,org.eclipse.pde.ui,3.5.0.v20090821,"org.eclipse.pde.ui",1265084408905
started,bundle,org.eclipse.search,3.5.1.r351_v20090708-0800,"org.eclipse.search",1265084408906
started,bundle,org.eclipse.team.core,3.5.0.I20090527-0620,"org.eclipse.team.core",1265084408907
started,bundle,org.eclipse.team.cvs.core,3.3.200.I20090430-0408,"org.eclipse.team.cvs.core",1265084408907
started,bundle,org.eclipse.team.cvs.ui,3.3.201.R35x_v20090826-0905,"org.eclipse.team.cvs.ui",1265084408908
started,bundle,org.eclipse.team.ui,3.5.0.I20090430-0408,"org.eclipse.team.ui",1265084408908
started,bundle,org.eclipse.ui,3.5.1.M20090902-1000,"org.eclipse.ui",1265084408910
started,bundle,org.eclipse.ui.console,3.4.0.v20090513,"org.eclipse.ui.console",1265084408910
started,bundle,org.eclipse.ui.editors,3.5.0.v20090527-2000,"org.eclipse.ui.editors",1265084408911
started,bundle,org.eclipse.ui.forms,3.4.1.v20090714_35x,"org.eclipse.ui.forms",1265084408912
started,bundle,org.eclipse.ui.ide,3.5.1.M20090826-0800,"org.eclipse.ui.ide",1265084408913
started,bundle,org.eclipse.ui.intro,3.3.1.v20090805_35x,"org.eclipse.ui.intro",1265084408914
started,bundle,org.eclipse.ui.net,1.2.1.r35x_20090812-1200,"org.eclipse.ui.net",1265084408914
started,bundle,org.eclipse.ui.views,3.4.1.M20090826-0800,"org.eclipse.ui.views",1265084408915
started,bundle,org.eclipse.ui.views.log,1.0.100.v20090731,"org.eclipse.ui.views.log",1265084408916
started,bundle,org.eclipse.ui.workbench,3.5.1.M20090826-0800a,"org.eclipse.ui.workbench",1265084408916
started,bundle,org.eclipse.ui.workbench.texteditor,3.5.0.v20090603,"org.eclipse.ui.workbench.texteditor",1265084408917
started,bundle,org.eclipse.update.configurator,3.3.0.v20090312,"org.eclipse.update.configurator",1265084408918
started,bundle,org.eclipse.update.core,3.2.300.v20090525,"org.eclipse.update.core",1265084408918
started,bundle,org.eclipse.update.scheduler,3.2.200.v20081127,"org.eclipse.update.scheduler",1265084408919
