<?xml version="1.0" encoding="UTF-8"?>
<section name="Workbench">
	<section name="SynchronizeViewSettings">
		<item value="1265352144293" key="lastactiveparticipant_sec_id"/>
		<item value="org.eclipse.team.svn.ui.synchronize.update.SynchronizeModelParticipant" key="lastactiveparticipant_id"/>
		<section name="org.eclipse.team.svn.ui.synchronize.update.SynchronizeModelParticipant.1265352144293">
			<item value="org.eclipse.team.ui.activeModelProvider" key="org.eclipse.team.ui.activeModelProvider"/>
		</section>
		<section name="org.eclipse.team.svn.ui.synchronize.update.SynchronizeModelParticipant.1265085620514">
			<item value="org.eclipse.team.ui.activeModelProvider" key="org.eclipse.team.ui.activeModelProvider"/>
		</section>
		<section name="org.eclipse.team.svn.ui.synchronize.update.SynchronizeModelParticipant.1265317776242">
			<item value="org.eclipse.team.ui.activeModelProvider" key="org.eclipse.team.ui.activeModelProvider"/>
		</section>
	</section>
	<section name="ConfigureProjectWizard">
		<item value="org.eclipse.team.svn.ui.wizard.ShareProjectWizard" key="selectedWizardId"/>
	</section>
</section>
