<?xml version="1.0" encoding="UTF-8"?>
<syncparticipants>
<participant displayName="SVN (BluffinServer/src/serverLogic)" id="org.eclipse.team.svn.ui.synchronize.update.SynchronizeModelParticipant" secondary_id="1265352144293">
<data consultChangeSets="false" root="false">
<org.eclipse.team.ui.MODEL_PARTICIPANT_SETTINGS org.eclipse.team.ui.MODEL_PARTICIPANT_DESCRIPTION="BluffinServer/src/serverLogic" startupAction="none">
<org.eclipse.team.ui.MODEL_PARTICIPANT_REFRESH_SCHEDULE org.eclipse.team.ui.CTX_REFRESHSCHEDULE_ENABLED="false" org.eclipse.team.ui.CTX_REFRESHSCHEDULE_INTERVAL="3600" org.eclipse.team.ui.CTX_REFRESHSCHEDULE_RUNONCE="false"/>
<org.eclipse.team.ui.MODEL_PARTICIPANT_MAPPINGS modelProviderId="org.eclipse.core.resources.modelProvider">
<mappings>
<resources resourcePath="/BluffinServer/src/serverLogic" resourceType="2"/>
</mappings>
</org.eclipse.team.ui.MODEL_PARTICIPANT_MAPPINGS>
</org.eclipse.team.ui.MODEL_PARTICIPANT_SETTINGS>
</data>
</participant>
</syncparticipants>