<?xml version="1.0" encoding="UTF-8"?>
<section name="Workbench">
	<section name="org.eclipse.ui.internal.QuickAccess">
		<item value="true" key="org.eclipse.ui.internal.quickaccess.QuickAccessDialogDIALOG_USE_PERSISTED_SIZE"/>
		<item value="350" key="org.eclipse.ui.internal.quickaccess.QuickAccessDialogDIALOG_WIDTH"/>
		<item value="false" key="org.eclipse.ui.internal.quickaccess.QuickAccessDialogDIALOG_USE_PERSISTED_LOCATION"/>
		<item value="421" key="org.eclipse.ui.internal.quickaccess.QuickAccessDialogDIALOG_HEIGHT"/>
		<list key="orderedProviders">
		</list>
		<list key="textArray">
		</list>
		<list key="orderedElements">
		</list>
		<list key="textEntries">
		</list>
	</section>
	<section name="WorkbenchPreferenceDialogSettings">
		<item value="-48" key="DIALOG_Y_ORIGIN"/>
		<item value="406" key="DIALOG_X_ORIGIN"/>
	</section>
	<section name="InstallationDialogSettings">
		<item value="706" key="DIALOG_WIDTH"/>
		<item value="-208" key="DIALOG_Y_ORIGIN"/>
		<item value="-79" key="DIALOG_X_ORIGIN"/>
		<item value="743" key="DIALOG_HEIGHT"/>
		<item value="1|Segoe UI|9.0|0|WINDOWS|1|-12|0|0|0|400|0|0|0|1|0|0|0|0|Segoe UI" key="DIALOG_FONT_NAME"/>
	</section>
	<section name="NewWizardAction">
		<item value="org.eclipse.ve.internal.java.codegen.wizards.NewVisualClassCreationWizard" key="NewWizardSelectionPage.STORE_SELECTED_ID"/>
		<list key="NewWizardSelectionPage.STORE_EXPANDED_CATEGORIES_ID">
			<item value="org.eclipse.jdt.ui.java"/>
		</list>
	</section>
	<section name="ShowViewDialog">
		<item value="311" key="DIALOG_WIDTH"/>
		<item value="org.eclipse.team.svn.ui.repository.RepositoriesView" key="ShowViewDialog.STORE_SELECTED_VIEW_ID"/>
		<item value="208" key="DIALOG_Y_ORIGIN"/>
		<item value="493" key="DIALOG_X_ORIGIN"/>
		<item value="438" key="DIALOG_HEIGHT"/>
		<item value="1|Segoe UI|9.0|0|WINDOWS|1|-12|0|0|0|400|0|0|0|1|0|0|0|0|Segoe UI" key="DIALOG_FONT_NAME"/>
		<list key="ShowViewDialog.STORE_EXPANDED_CATEGORIES_ID">
			<item value="org.eclipse.team.svn"/>
			<item value="org.eclipse.jdt.ui.java.ve"/>
		</list>
	</section>
	<section name="EditorSelectionDialog">
	</section>
	<section name="org.eclipse.ui.preferences.keysPreferencePage">
	</section>
	<section name="ImportExportAction">
		<item value="org.eclipse.team.svn.ui.wizard.ImportFromSVNWizard" key="ImportExportPage.STORE_SELECTED_IMPORT_WIZARD_ID"/>
		<list key="ImportExportPage.STORE_EXPANDED_IMPORT_CATEGORIES">
			<item value="org.eclipse.team.svn.ui.repository"/>
		</list>
	</section>
</section>
