<?xml version="1.0" encoding="UTF-8"?>
<workbench progressCount="12" version="2.0">
<workbenchAdvisor/>
<window height="758" maximized="true" width="1024" x="-1442" y="-352">
<fastViewData fastViewLocation="1024"/>
<perspectiveBar>
<itemSize x="460"/>
</perspectiveBar>
<coolbarLayout locked="1">
<coolItem id="group.file" itemType="typeGroupMarker"/>
<coolItem id="org.eclipse.ui.workbench.file" itemType="typeToolBarContribution" x="99" y="22"/>
<coolItem id="additions" itemType="typeGroupMarker"/>
<coolItem id="com.python.pydev.debug.actionSet" itemType="typeToolBarContribution" x="61" y="22"/>
<coolItem id="com.python.pydev.navigate.actionSet" itemType="typeToolBarContribution" x="38" y="22"/>
<coolItem id="org.eclipse.debug.ui.launchActionSet" itemType="typeToolBarContribution" x="129" y="22"/>
<coolItem id="org.eclipse.jdt.ui.JavaElementCreationActionSet" itemType="typeToolBarContribution" x="99" y="22"/>
<coolItem id="org.eclipse.search.searchActionSet" itemType="typeToolBarContribution" x="99" y="22"/>
<coolItem id="org.eclipse.team.ui.actionSet" itemType="typeToolBarContribution" x="53" y="22"/>
<coolItem id="org.eclipse.ui.edit.text.actionSet.presentation" itemType="typeToolBarContribution" x="107" y="22"/>
<coolItem id="org.eclipse.wst.xml.ui.perspective.NewFileToolBar" itemType="typeToolBarContribution" x="-1" y="-1"/>
<coolItem id="org.eclipse.wst.xml.ui.design.DesignToolBar" itemType="typeToolBarContribution" x="-1" y="-1"/>
<coolItem id="group.nav" itemType="typeGroupMarker"/>
<coolItem id="org.eclipse.ui.workbench.navigate" itemType="typeToolBarContribution" x="190" y="22"/>
<coolItem id="group.editor" itemType="typeGroupMarker"/>
<coolItem id="org.eclipse.compare.CompareEditor" itemType="typePlaceholder" x="84" y="22"/>
<coolItem id="org.eclipse.ve.internal.java.codegen.editorpart.JavaVisualEditor" itemType="typePlaceholder" x="268" y="22"/>
<coolItem id="org.eclipse.jdt.ui.PropertiesFileEditor" itemType="typePlaceholder" x="-1" y="-1"/>
<coolItem id="org.eclipse.jdt.ui.ClassFileEditor" itemType="typePlaceholder" x="-1" y="-1"/>
<coolItem id="org.eclipse.jdt.ui.CompilationUnitEditor" itemType="typeToolBarContribution" x="-1" y="-1"/>
<coolItem id="group.help" itemType="typeGroupMarker"/>
<coolItem id="org.eclipse.ui.workbench.help" itemType="typeToolBarContribution" x="-1" y="-1"/>
</coolbarLayout>
<page aggregateWorkingSetId="Aggregate for window 1265084406241" focus="true" label="Workspace - Java">
<editors>
<editorArea activeWorkbook="DefaultEditorWorkbook">
<info part="DefaultEditorWorkbook">
<folder appearance="1" expanded="2">
<presentation id="org.eclipse.ui.presentations.WorkbenchPresentationFactory">
<part id="0"/>
</presentation>
</folder>
</info>
</editorArea>
<editor activePart="true" focus="true" id="org.eclipse.jdt.ui.CompilationUnitEditor" name="PokerGame.java" partName="PokerGame.java" path="D:/Programmation/java/BluffinMuffin/PokerWorld/src/newPokerLogic/PokerGame.java" title="PokerGame.java" tooltip="PokerWorld/src/newPokerLogic/PokerGame.java" workbook="DefaultEditorWorkbook">
<input factoryID="org.eclipse.ui.part.FileEditorInputFactory" path="/PokerWorld/src/newPokerLogic/PokerGame.java"/>
<editorState selectionHorizontalPixel="0" selectionLength="0" selectionOffset="772" selectionTopPixel="0"/>
</editor>
</editors>
<views>
<view id="org.eclipse.team.ui.GenericHistoryView" partName="History">
<viewState/>
</view>
<view id="org.eclipse.team.sync.views.SynchronizeView" partName="Synchronize">
<viewState/>
</view>
<view id="org.eclipse.ui.views.ProgressView" partName="Progress">
<viewState/>
</view>
<view id="org.eclipse.team.svn.ui.repository.RepositoriesView" partName="SVN Repositories">
<viewState/>
</view>
<view id="org.eclipse.ve.internal.java.codegen.editorpart.BeansList" partName="Java Beans">
<viewState/>
</view>
<view id="org.eclipse.search.ui.views.SearchView" partName="Search">
<viewState isPinned="false">
<view IMemento.internal.id="org.eclipse.search.text.FileSearchResultPage" org.eclipse.search.lastActivation="2" org.eclipse.search.resultpage.layout="2" org.eclipse.search.resultpage.limit="1000" org.eclipse.search.resultpage.sorting="2"/>
<view IMemento.internal.id="" org.eclipse.search.lastActivation="0"/>
<view IMemento.internal.id="org.eclipse.jdt.ui.JavaSearchResultPage" org.eclipse.jdt.search.resultpage.grouping="3" org.eclipse.jdt.search.resultpage.limit="1000" org.eclipse.jdt.search.resultpage.limit_enabled="TRUE" org.eclipse.jdt.search.resultpage.sorting="1" org.eclipse.search.lastActivation="1" org.eclipse.search.resultpage.layout="2"/>
</viewState>
</view>
<view id="org.eclipse.debug.ui.DebugView" partName="Debug">
<viewState/>
</view>
<view id="org.eclipse.jdt.callhierarchy.view" partName="Call Hierarchy">
<viewState search_scope_type="1"/>
</view>
<view id="org.eclipse.debug.ui.BreakpointView" partName="Breakpoints">
<viewState>
<isTrackingSelection value="false"/>
</viewState>
</view>
<view id="org.eclipse.debug.ui.VariableView" partName="Variables">
<viewState/>
</view>
<view id="org.eclipse.ui.views.TaskList" partName="Tasks">
<viewState PRIMARY_SORT_FIELD="org.eclipse.ui.ide.completionField" categoryGroup="none" markerContentGenerator="org.eclipse.ui.ide.tasksGenerator" partName="Tasks">
<columnWidths org.eclipse.ui.ide.completionField="40" org.eclipse.ui.ide.descriptionField="380" org.eclipse.ui.ide.locationField="64" org.eclipse.ui.ide.markerType="94" org.eclipse.ui.ide.pathField="124" org.eclipse.ui.ide.priorityField="20" org.eclipse.ui.ide.resourceField="94"/>
<visible IMemento.internal.id="org.eclipse.ui.ide.completionField"/>
<visible IMemento.internal.id="org.eclipse.ui.ide.priorityField"/>
<visible IMemento.internal.id="org.eclipse.ui.ide.descriptionField"/>
<visible IMemento.internal.id="org.eclipse.ui.ide.resourceField"/>
<visible IMemento.internal.id="org.eclipse.ui.ide.pathField"/>
<visible IMemento.internal.id="org.eclipse.ui.ide.locationField"/>
<visible IMemento.internal.id="org.eclipse.ui.ide.markerType"/>
</viewState>
</view>
<view id="org.eclipse.ui.views.ContentOutline" partName="Outline">
<viewState/>
</view>
<view id="org.eclipse.debug.ui.ExpressionView" partName="Expressions">
<viewState/>
</view>
<view id="org.eclipse.ui.navigator.ProjectExplorer" partName="Project Explorer">
<viewState CommonNavigator.LINKING_ENABLED="0" org.eclipse.ui.navigator.resources.workingSets.showTopLevelWorkingSets="0"/>
</view>
<view id="org.eclipse.ui.views.AllMarkersView" partName="Markers">
<viewState PRIMARY_SORT_FIELD="org.eclipse.ui.ide.allSeverityField" categoryGroup="org.eclipse.ui.ide.type" markerContentGenerator="org.eclipse.ui.ide.allMarkersGenerator" partName="Markers">
<expanded>&#x0A;<category IMemento.internal.id="Java Task (1 item)"/>
</expanded>
<columnWidths org.eclipse.ui.ide.allSeverityField="300" org.eclipse.ui.ide.locationField="64" org.eclipse.ui.ide.markerType="94" org.eclipse.ui.ide.pathField="124" org.eclipse.ui.ide.resourceField="94"/>
<visible IMemento.internal.id="org.eclipse.ui.ide.allSeverityField"/>
<visible IMemento.internal.id="org.eclipse.ui.ide.resourceField"/>
<visible IMemento.internal.id="org.eclipse.ui.ide.pathField"/>
<visible IMemento.internal.id="org.eclipse.ui.ide.locationField"/>
<visible IMemento.internal.id="org.eclipse.ui.ide.markerType"/>
</viewState>
</view>
<view id="org.eclipse.ui.views.PropertySheet" partName="Properties">
<viewState/>
</view>
<view id="org.eclipse.ui.views.ProblemView" partName="Problems">
<viewState PRIMARY_SORT_FIELD="org.eclipse.ui.ide.severityAndDescriptionField" categoryGroup="org.eclipse.ui.ide.severity" markerContentGenerator="org.eclipse.ui.ide.problemsGenerator" partName="Problems">
<expanded>&#x0A;<category IMemento.internal.id="Warnings"/>
<category IMemento.internal.id="Errors"/>
</expanded>
<columnWidths org.eclipse.ui.ide.locationField="0" org.eclipse.ui.ide.markerType="0" org.eclipse.ui.ide.pathField="0" org.eclipse.ui.ide.resourceField="0" org.eclipse.ui.ide.severityAndDescriptionField="0"/>
<visible IMemento.internal.id="org.eclipse.ui.ide.severityAndDescriptionField"/>
<visible IMemento.internal.id="org.eclipse.ui.ide.resourceField"/>
<visible IMemento.internal.id="org.eclipse.ui.ide.pathField"/>
<visible IMemento.internal.id="org.eclipse.ui.ide.locationField"/>
<visible IMemento.internal.id="org.eclipse.ui.ide.markerType"/>
</viewState>
</view>
<view id="org.eclipse.jdt.ui.PackageExplorer" partName="Package Explorer">
<viewState group_libraries="1" layout="2" linkWithEditor="0" rootMode="1" workingSetName="Aggregate for window 1265084406241">
<customFilters userDefinedPatternsEnabled="false">
<xmlDefinedFilters>
<child filterId="org.eclipse.jdt.ui.PackageExplorer.LibraryFilter" isEnabled="false"/>
<child filterId="org.eclipse.jdt.ui.PackageExplorer.LocalTypesFilter" isEnabled="false"/>
<child filterId="org.eclipse.jdt.ui.PackageExplorer.StaticsFilter" isEnabled="false"/>
<child filterId="org.eclipse.pde.ui.ExternalPluginLibrariesFilter1" isEnabled="true"/>
<child filterId="org.eclipse.jdt.ui.PackageExplorer.ClosedProjectsFilter" isEnabled="false"/>
<child filterId="org.eclipse.jdt.ui.PackageExplorer.NonSharedProjectsFilter" isEnabled="false"/>
<child filterId="org.eclipse.jdt.ui.PackageExplorer.NonJavaElementFilter" isEnabled="false"/>
<child filterId="org.eclipse.jdt.ui.PackageExplorer.ContainedLibraryFilter" isEnabled="false"/>
<child filterId="org.eclipse.jdt.ui.PackageExplorer.CuAndClassFileFilter" isEnabled="false"/>
<child filterId="org.eclipse.jdt.ui.PackageExplorer.NonJavaProjectsFilter" isEnabled="false"/>
<child filterId="org.eclipse.jdt.internal.ui.PackageExplorer.EmptyInnerPackageFilter" isEnabled="true"/>
<child filterId="org.eclipse.jdt.ui.PackageExplorer.PackageDeclarationFilter" isEnabled="true"/>
<child filterId="org.eclipse.jdt.internal.ui.PackageExplorer.EmptyPackageFilter" isEnabled="false"/>
<child filterId="org.eclipse.jdt.ui.PackageExplorer.ImportDeclarationFilter" isEnabled="true"/>
<child filterId="org.eclipse.jdt.ui.PackageExplorer.FieldsFilter" isEnabled="false"/>
<child filterId="org.eclipse.jdt.internal.ui.PackageExplorer.HideInnerClassFilesFilter" isEnabled="true"/>
<child filterId="org.eclipse.jdt.ui.PackageExplorer.NonPublicFilter" isEnabled="false"/>
<child filterId="org.eclipse.jdt.ui.PackageExplorer_patternFilterId_.*" isEnabled="true"/>
<child filterId="org.eclipse.jdt.ui.PackageExplorer.EmptyLibraryContainerFilter" isEnabled="true"/>
<child filterId="org.eclipse.pde.ui.BinaryProjectFilter1" isEnabled="false"/>
<child filterId="org.eclipse.jdt.ui.PackageExplorer.SyntheticMembersFilter" isEnabled="true"/>
</xmlDefinedFilters>
</customFilters>
</viewState>
</view>
<view id="org.eclipse.ui.console.ConsoleView" partName="Console">
<viewState/>
</view>
<view id="org.eclipse.jdt.ui.SourceView" partName="Declaration">
<viewState/>
</view>
<view id="org.eclipse.jdt.ui.JavadocView" partName="Javadoc">
<viewState/>
</view>
</views>
<perspectives activePart="org.eclipse.jdt.ui.CompilationUnitEditor" activePerspective="org.eclipse.jdt.ui.JavaPerspective">
<perspective editorAreaTrimState="2" editorAreaVisible="1" fixed="0" version="0.016">
<descriptor descriptor="org.eclipse.jst.j2ee.J2EEPerspective" id="&lt;Java_EE&gt;" label="&lt;Java EE&gt;"/>
<alwaysOnActionSet id="org.eclipse.ui.cheatsheets.actionSet"/>
<alwaysOnActionSet id="org.eclipse.search.searchActionSet"/>
<alwaysOnActionSet id="org.eclipse.ui.edit.text.actionSet.annotationNavigation"/>
<alwaysOnActionSet id="org.eclipse.ui.edit.text.actionSet.navigation"/>
<alwaysOnActionSet id="org.eclipse.ui.edit.text.actionSet.convertLineDelimitersTo"/>
<alwaysOnActionSet id="org.eclipse.ui.externaltools.ExternalToolsSet"/>
<alwaysOnActionSet id="org.eclipse.ui.actionSet.keyBindings"/>
<alwaysOnActionSet id="org.eclipse.ui.actionSet.openFiles"/>
<alwaysOnActionSet id="org.eclipse.jdt.ui.JavaActionSet"/>
<alwaysOnActionSet id="org.eclipse.debug.ui.launchActionSet"/>
<alwaysOnActionSet id="org.eclipse.debug.ui.debugActionSet"/>
<alwaysOnActionSet id="org.eclipse.ui.NavigateActionSet"/>
<alwaysOnActionSet id="org.eclipse.debug.ui.breakpointActionSet"/>
<show_view_action id="org.eclipse.ui.navigator.ProjectExplorer"/>
<show_view_action id="org.eclipse.wst.server.ui.ServersView"/>
<show_view_action id="org.eclipse.datatools.connectivity.DataSourceExplorerNavigator"/>
<show_view_action id="org.eclipse.ui.views.BookmarkView"/>
<show_view_action id="org.eclipse.ui.views.ContentOutline"/>
<show_view_action id="org.eclipse.ui.views.PropertySheet"/>
<show_view_action id="org.eclipse.ui.views.ResourceNavigator"/>
<show_view_action id="org.eclipse.wst.common.snippets.internal.ui.SnippetsView"/>
<show_view_action id="org.eclipse.ui.views.AllMarkersView"/>
<show_view_action id="org.eclipse.mylyn.tasks.ui.views.tasks"/>
<show_view_action id="org.eclipse.search.ui.views.SearchView"/>
<show_view_action id="org.eclipse.ui.console.ConsoleView"/>
<new_wizard_action id="org.eclipse.jpt.ui.wizard.newJpaProject"/>
<new_wizard_action id="org.eclipse.jst.j2ee.ui.project.facet.EarProjectWizard"/>
<new_wizard_action id="org.eclipse.jst.servlet.ui.project.facet.WebProjectWizard"/>
<new_wizard_action id="org.eclipse.jst.ejb.ui.project.facet.EjbProjectWizard"/>
<new_wizard_action id="org.eclipse.jst.j2ee.jca.ui.internal.wizard.ConnectorProjectWizard"/>
<new_wizard_action id="org.eclipse.jst.j2ee.ui.project.facet.appclient.AppClientProjectWizard"/>
<new_wizard_action id="org.eclipse.wst.web.ui.internal.wizards.SimpleWebProjectWizard"/>
<new_wizard_action id="org.eclipse.jst.servlet.ui.internal.wizard.AddServletWizard"/>
<new_wizard_action id="org.eclipse.jst.ejb.ui.internal.wizard.AddSessionBeanWizard"/>
<new_wizard_action id="org.eclipse.jst.ejb.ui.internal.wizard.AddMessageDrivenBeanWizard"/>
<new_wizard_action id="org.eclipse.jpt.ui.wizard.newEntity"/>
<new_wizard_action id="org.eclipse.jst.ws.creation.ui.wizard.serverwizard"/>
<new_wizard_action id="org.eclipse.ui.wizards.new.folder"/>
<new_wizard_action id="org.eclipse.ui.wizards.new.file"/>
<perspective_action id="org.eclipse.jpt.ui.jpaPerspective"/>
<perspective_action id="org.eclipse.debug.ui.DebugPerspective"/>
<perspective_action id="org.eclipse.jdt.ui.JavaPerspective"/>
<perspective_action id="org.eclipse.ui.resourcePerspective"/>
<perspective_action id="org.eclipse.wst.web.ui.webDevPerspective"/>
<hide_toolbar_item_id id="org.eclipse.ui.edit.text.toggleShowSelectedElementOnly"/>
<view id="org.eclipse.ui.navigator.ProjectExplorer"/>
<view id="org.eclipse.ui.views.AllMarkersView"/>
<view id="org.eclipse.ui.views.PropertySheet"/>
<view id="org.eclipse.ui.views.ContentOutline"/>
<fastViewBars/>
<layout>&#x0A;<mainWindow>&#x0A;<info folder="true" part="topLeft">&#x0A;<folder activePageID="org.eclipse.ui.navigator.ProjectExplorer" appearance="2" expanded="2">&#x0A;<page content="org.eclipse.ui.navigator.ProjectExplorer" label="Project Explorer"/>
<page content="org.eclipse.ui.views.ResourceNavigator" label="LabelNotFound"/>
<page content="org.eclipse.jdt.ui.TypeHierarchy" label="LabelNotFound"/>
<page content="org.eclipse.jdt.ui.PackagesView" label="LabelNotFound"/>
<presentation id="org.eclipse.ui.presentations.WorkbenchPresentationFactory">&#x0A;<part id="0"/>
</presentation>
</folder>
</info>
<info folder="true" part="org.eclipse.ui.internal.ViewStack@30cefd" ratio="0.75" ratioLeft="750" ratioRight="250" relationship="2" relative="topLeft">&#x0A;<folder appearance="2" expanded="2">&#x0A;<page content="org.eclipse.help.ui.HelpView" label="LabelNotFound"/>
<page content="org.eclipse.ui.internal.introview" label="LabelNotFound"/>
<page content="org.eclipse.ui.cheatsheets.views.CheatSheetView" label="LabelNotFound"/>
<presentation id="org.eclipse.ui.presentations.WorkbenchPresentationFactory"/>
</folder>
</info>
<info part="org.eclipse.ui.editorss" ratio="0.25" ratioLeft="250" ratioRight="750" relationship="2" relative="topLeft"/>
<info folder="true" part="bottomRight" ratio="0.69860893" ratioLeft="452" ratioRight="195" relationship="4" relative="org.eclipse.ui.editorss">&#x0A;<folder activePageID="org.eclipse.ui.views.AllMarkersView" appearance="2" expanded="2">&#x0A;<page content="org.eclipse.ui.views.AllMarkersView" label="Markers"/>
<page content="org.eclipse.ui.views.PropertySheet" label="Properties"/>
<page content="org.eclipse.wst.server.ui.ServersView" label="LabelNotFound"/>
<page content="org.eclipse.datatools.connectivity.DataSourceExplorerNavigator" label="LabelNotFound"/>
<page content="org.eclipse.wst.common.snippets.internal.ui.SnippetsView" label="LabelNotFound"/>
<page content="org.eclipse.ui.views.ProblemView" label="LabelNotFound"/>
<page content="org.eclipse.ui.views.TaskList" label="LabelNotFound"/>
<page content="org.eclipse.ui.console.ConsoleView" label="LabelNotFound"/>
<page content="org.eclipse.ui.views.BookmarkView" label="LabelNotFound"/>
<page content="org.eclipse.ui.views.ProgressView" label="LabelNotFound"/>
<page content="org.eclipse.search.ui.views.SearchView" label="LabelNotFound"/>
<presentation id="org.eclipse.ui.presentations.WorkbenchPresentationFactory">&#x0A;<part id="0"/>
<part id="1"/>
</presentation>
</folder>
</info>
<info folder="true" part="topRight" ratio="0.7" ratioLeft="525" ratioRight="225" relationship="2" relative="org.eclipse.ui.editorss">&#x0A;<folder activePageID="org.eclipse.ui.views.ContentOutline" appearance="2" expanded="2">&#x0A;<page content="org.eclipse.ui.views.ContentOutline" label="Outline"/>
<page content="org.eclipse.mylyn.tasks.ui.views.tasks" label="LabelNotFound"/>
<presentation id="org.eclipse.ui.presentations.WorkbenchPresentationFactory">&#x0A;<part id="0"/>
</presentation>
</folder>
</info>
</mainWindow>
</layout>
</perspective>
<perspective editorAreaTrimState="2" editorAreaVisible="1" fixed="0" version="0.016">
<descriptor class="org.eclipse.jdt.internal.ui.JavaPerspectiveFactory" id="org.eclipse.jdt.ui.JavaPerspective" label="Java"/>
<alwaysOnActionSet id="org.eclipse.ui.cheatsheets.actionSet"/>
<alwaysOnActionSet id="org.eclipse.search.searchActionSet"/>
<alwaysOnActionSet id="org.eclipse.ui.edit.text.actionSet.annotationNavigation"/>
<alwaysOnActionSet id="org.eclipse.ui.edit.text.actionSet.navigation"/>
<alwaysOnActionSet id="org.eclipse.ui.edit.text.actionSet.convertLineDelimitersTo"/>
<alwaysOnActionSet id="org.eclipse.ui.externaltools.ExternalToolsSet"/>
<alwaysOnActionSet id="org.eclipse.ui.actionSet.keyBindings"/>
<alwaysOnActionSet id="org.eclipse.ui.actionSet.openFiles"/>
<alwaysOnActionSet id="org.eclipse.debug.ui.launchActionSet"/>
<alwaysOnActionSet id="org.eclipse.jdt.ui.JavaActionSet"/>
<alwaysOnActionSet id="org.eclipse.jdt.ui.JavaElementCreationActionSet"/>
<alwaysOnActionSet id="org.eclipse.ui.NavigateActionSet"/>
<alwaysOnActionSet id="org.eclipse.debug.ui.breakpointActionSet"/>
<alwaysOnActionSet id="org.eclipse.jdt.debug.ui.JDTDebugActionSet"/>
<alwaysOnActionSet id="org.eclipse.jdt.junit.JUnitActionSet"/>
<alwaysOnActionSet id="org.eclipse.mylyn.context.ui.actionSet"/>
<alwaysOnActionSet id="org.eclipse.mylyn.tasks.ui.navigation"/>
<alwaysOnActionSet id="org.eclipse.team.svn.ui.menu.help"/>
<show_view_action id="org.eclipse.jdt.ui.PackageExplorer"/>
<show_view_action id="org.eclipse.jdt.ui.TypeHierarchy"/>
<show_view_action id="org.eclipse.jdt.ui.SourceView"/>
<show_view_action id="org.eclipse.jdt.ui.JavadocView"/>
<show_view_action id="org.eclipse.search.ui.views.SearchView"/>
<show_view_action id="org.eclipse.ui.console.ConsoleView"/>
<show_view_action id="org.eclipse.ui.views.ContentOutline"/>
<show_view_action id="org.eclipse.ui.views.ProblemView"/>
<show_view_action id="org.eclipse.ui.views.ResourceNavigator"/>
<show_view_action id="org.eclipse.ui.views.TaskList"/>
<show_view_action id="org.eclipse.ui.views.ProgressView"/>
<show_view_action id="org.eclipse.ui.navigator.ProjectExplorer"/>
<show_view_action id="org.eclipse.ui.texteditor.TemplatesView"/>
<show_view_action id="org.eclipse.ant.ui.views.AntView"/>
<show_view_action id="org.eclipse.pde.runtime.LogView"/>
<show_view_action id="org.eclipse.mylyn.tasks.ui.views.tasks"/>
<new_wizard_action id="org.eclipse.jdt.ui.wizards.JavaProjectWizard"/>
<new_wizard_action id="org.eclipse.jdt.ui.wizards.NewPackageCreationWizard"/>
<new_wizard_action id="org.eclipse.jdt.ui.wizards.NewClassCreationWizard"/>
<new_wizard_action id="org.eclipse.jdt.ui.wizards.NewInterfaceCreationWizard"/>
<new_wizard_action id="org.eclipse.jdt.ui.wizards.NewEnumCreationWizard"/>
<new_wizard_action id="org.eclipse.jdt.ui.wizards.NewAnnotationCreationWizard"/>
<new_wizard_action id="org.eclipse.jdt.ui.wizards.NewSourceFolderCreationWizard"/>
<new_wizard_action id="org.eclipse.jdt.ui.wizards.NewSnippetFileCreationWizard"/>
<new_wizard_action id="org.eclipse.jdt.ui.wizards.NewJavaWorkingSetWizard"/>
<new_wizard_action id="org.eclipse.ui.wizards.new.folder"/>
<new_wizard_action id="org.eclipse.ui.wizards.new.file"/>
<new_wizard_action id="org.eclipse.ui.editors.wizards.UntitledTextFileWizard"/>
<new_wizard_action id="org.eclipse.jdt.junit.wizards.NewTestCaseCreationWizard"/>
<new_wizard_action id="org.eclipse.mylyn.tasks.ui.wizards.new.repository.task"/>
<perspective_action id="org.eclipse.debug.ui.DebugPerspective"/>
<perspective_action id="org.eclipse.jdt.ui.JavaBrowsingPerspective"/>
<hide_toolbar_item_id id="org.eclipse.ui.edit.text.toggleShowSelectedElementOnly"/>
<view id="org.eclipse.ui.console.ConsoleView"/>
<view id="org.eclipse.ui.views.ProblemView"/>
<view id="org.eclipse.jdt.ui.JavadocView"/>
<view id="org.eclipse.jdt.ui.SourceView"/>
<view id="org.eclipse.ve.internal.java.codegen.editorpart.BeansList"/>
<view id="org.eclipse.jdt.callhierarchy.view"/>
<view id="org.eclipse.search.ui.views.SearchView"/>
<view id="org.eclipse.ui.views.TaskList"/>
<view id="org.eclipse.ui.views.ProgressView"/>
<view id="org.eclipse.team.ui.GenericHistoryView"/>
<view id="org.eclipse.jdt.ui.PackageExplorer"/>
<view id="org.eclipse.ui.views.ContentOutline"/>
<view id="org.eclipse.team.svn.ui.repository.RepositoriesView"/>
<view id="org.eclipse.ui.views.PropertySheet"/>
<fastViewBars/>
<layout>
<mainWindow>
<info folder="true" part="left">
<folder activePageID="org.eclipse.jdt.ui.PackageExplorer" appearance="2" expanded="2">
<page content="org.eclipse.jdt.ui.PackageExplorer" label="Package Explorer"/>
<page content="org.eclipse.ui.views.ContentOutline" label="Outline"/>
<page content="org.eclipse.team.svn.ui.repository.RepositoriesView" label="SVN Repositories"/>
<page content="org.eclipse.ui.views.PropertySheet" label="Properties"/>
<page content="org.eclipse.jdt.ui.TypeHierarchy" label="LabelNotFound"/>
<page content="org.eclipse.ui.views.ResourceNavigator" label="LabelNotFound"/>
<page content="org.eclipse.ui.navigator.ProjectExplorer" label="LabelNotFound"/>
<page content="org.eclipse.jdt.junit.ResultView" label="LabelNotFound"/>
<presentation id="org.eclipse.ui.presentations.WorkbenchPresentationFactory">
<part id="0"/>
<part id="1"/>
<part id="2"/>
<part id="3"/>
</presentation>
</folder>
</info>
<info folder="true" part="stickyFolderRight" ratio="0.75" ratioLeft="750" ratioRight="250" relationship="2" relative="left">
<folder appearance="2" expanded="2">
<page content="org.eclipse.ui.internal.introview" label="LabelNotFound"/>
<page content="org.eclipse.help.ui.HelpView" label="LabelNotFound"/>
<page content="org.eclipse.ui.cheatsheets.views.CheatSheetView" label="LabelNotFound"/>
<presentation id="org.eclipse.ui.presentations.WorkbenchPresentationFactory"/>
</folder>
</info>
<info part="org.eclipse.ui.editorss" ratio="0.250591" ratioLeft="318" ratioRight="951" relationship="2" relative="left"/>
<info folder="true" part="bottom" ratio="0.8032787" ratioLeft="686" ratioRight="168" relationship="4" relative="org.eclipse.ui.editorss">
<folder activePageID="org.eclipse.ui.console.ConsoleView" appearance="2" expanded="2">
<page content="org.eclipse.ui.console.ConsoleView" label="Console"/>
<page content="org.eclipse.ui.views.ProblemView" label="Problems"/>
<page content="org.eclipse.jdt.ui.JavadocView" label="Javadoc"/>
<page content="org.eclipse.jdt.ui.SourceView" label="Declaration"/>
<page content="org.eclipse.ve.internal.java.codegen.editorpart.BeansList" label="Java Beans"/>
<page content="org.eclipse.jdt.callhierarchy.view" label="Call Hierarchy"/>
<page content="org.eclipse.search.ui.views.SearchView" label="Search"/>
<page content="org.eclipse.ui.views.TaskList" label="Tasks"/>
<page content="org.eclipse.ui.views.ProgressView" label="Progress"/>
<page content="org.eclipse.team.ui.GenericHistoryView" label="History"/>
<page content="org.eclipse.ve.internal.java.codegen.editorpart.XMLViewPart" label="LabelNotFound"/>
<page content="org.eclipse.team.sync.views.SynchronizeView" label="LabelNotFound"/>
<page content="org.eclipse.ui.views.BookmarkView" label="LabelNotFound"/>
<presentation id="org.eclipse.ui.presentations.WorkbenchPresentationFactory">
<part id="0"/>
<part id="1"/>
<part id="2"/>
<part id="3"/>
<part id="4"/>
<part id="5"/>
<part id="6"/>
<part id="7"/>
<part id="8"/>
<part id="9"/>
</presentation>
</folder>
</info>
<info folder="true" part="org.eclipse.ui.internal.ViewStack@8b33e8" ratio="0.7493333" ratioLeft="562" ratioRight="188" relationship="2" relative="org.eclipse.ui.editorss">
<folder appearance="2" expanded="2">
<page content="org.eclipse.mylyn.tasks.ui.views.tasks" label="LabelNotFound"/>
<presentation id="org.eclipse.ui.presentations.WorkbenchPresentationFactory"/>
</folder>
</info>
<info folder="true" part="right" ratio="0.49896908" ratioLeft="242" ratioRight="243" relationship="4" relative="org.eclipse.ui.internal.ViewStack@8b33e8">
<folder appearance="2" expanded="2">
<page content="org.eclipse.ui.texteditor.TemplatesView" label="LabelNotFound"/>
<page content="org.eclipse.ant.ui.views.AntView" label="LabelNotFound"/>
<presentation id="org.eclipse.ui.presentations.WorkbenchPresentationFactory"/>
</folder>
</info>
</mainWindow>
<hiddenWindow height="984" width="640" x="-1280" y="-343">
<view id="org.eclipse.ui.console.ConsoleView:Console View #1"/>
</hiddenWindow>
</layout>
</perspective>
<perspective editorAreaTrimState="2" editorAreaVisible="1" fixed="0" version="0.016">
<descriptor class="org.eclipse.team.internal.ui.synchronize.TeamSynchronizingPerspective" id="org.eclipse.team.ui.TeamSynchronizingPerspective" label="Team Synchronizing"/>
<alwaysOnActionSet id="org.eclipse.jst.servlet.ui.internal.actions.ConvertToWebModuleTypeActionSet"/>
<alwaysOnActionSet id="org.eclipse.ui.cheatsheets.actionSet"/>
<alwaysOnActionSet id="org.eclipse.rse.core.search.searchActionSet"/>
<alwaysOnActionSet id="org.eclipse.search.searchActionSet"/>
<alwaysOnActionSet id="org.eclipse.ui.edit.text.actionSet.annotationNavigation"/>
<alwaysOnActionSet id="org.eclipse.ui.edit.text.actionSet.navigation"/>
<alwaysOnActionSet id="org.eclipse.ui.edit.text.actionSet.convertLineDelimitersTo"/>
<alwaysOnActionSet id="org.eclipse.ui.externaltools.ExternalToolsSet"/>
<alwaysOnActionSet id="org.eclipse.ui.actionSet.keyBindings"/>
<alwaysOnActionSet id="org.eclipse.ui.actionSet.openFiles"/>
<alwaysOnActionSet id="org.eclipse.mylyn.context.ui.actionSet"/>
<alwaysOnActionSet id="org.eclipse.mylyn.doc.actionSet"/>
<alwaysOnActionSet id="org.eclipse.mylyn.tasks.ui.navigation"/>
<alwaysOnActionSet id="org.eclipse.team.svn.ui.menu.help"/>
<alwaysOnActionSet id="org.eclipse.team.ui.actionSet"/>
<show_view_action id="org.eclipse.team.sync.views.SynchronizeView"/>
<show_view_action id="org.eclipse.ui.navigator.ProjectExplorer"/>
<show_view_action id="org.eclipse.ui.views.ContentOutline"/>
<show_view_action id="org.eclipse.ui.views.TaskList"/>
<show_view_action id="org.eclipse.ui.views.ProblemView"/>
<show_view_action id="org.eclipse.mylyn.tasks.ui.views.repositories"/>
<new_wizard_action id="org.eclipse.ui.wizards.new.project"/>
<new_wizard_action id="org.eclipse.ui.wizards.new.folder"/>
<new_wizard_action id="org.eclipse.ui.wizards.new.file"/>
<perspective_action id="org.eclipse.ui.resourcePerspective"/>
<perspective_action id="org.eclipse.team.cvs.ui.cvsPerspective"/>
<hide_toolbar_item_id id="org.eclipse.ui.edit.text.toggleShowSelectedElementOnly"/>
<view id="org.eclipse.team.sync.views.SynchronizeView"/>
<view id="org.eclipse.team.ui.GenericHistoryView"/>
<view id="org.eclipse.ui.views.TaskList"/>
<view id="org.eclipse.ui.views.ProblemView"/>
<view id="org.eclipse.mylyn.tasks.ui.views.repositories" removed="true"/>
<fastViewBars/>
<layout>&#x0A;<mainWindow>&#x0A;<info folder="true" part="top">&#x0A;<folder activePageID="org.eclipse.team.sync.views.SynchronizeView" appearance="2" expanded="2">&#x0A;<page content="org.eclipse.team.sync.views.SynchronizeView" label="Synchronize"/>
<page content="org.eclipse.team.ccvs.ui.RepositoriesView" label="LabelNotFound"/>
<presentation id="org.eclipse.ui.presentations.WorkbenchPresentationFactory">&#x0A;<part id="0"/>
</presentation>
</folder>
</info>
<info folder="true" part="stickyFolderRight" ratio="0.75" ratioLeft="1074" ratioRight="358" relationship="2" relative="top">&#x0A;<folder appearance="2" expanded="2">&#x0A;<page content="org.eclipse.help.ui.HelpView" label="LabelNotFound"/>
<page content="org.eclipse.ui.internal.introview" label="LabelNotFound"/>
<page content="org.eclipse.ui.cheatsheets.views.CheatSheetView" label="LabelNotFound"/>
</folder>
</info>
<info part="org.eclipse.ui.editorss" ratio="0.44972068" ratioLeft="644" ratioRight="788" relationship="2" relative="top"/>
<info folder="true" part="top2" ratio="0.8" ratioLeft="604" ratioRight="151" relationship="4" relative="org.eclipse.ui.editorss">&#x0A;<folder activePageID="org.eclipse.team.ui.GenericHistoryView" appearance="2" expanded="2">&#x0A;<page content="org.eclipse.team.ui.GenericHistoryView" label="History"/>
<page content="org.eclipse.ui.views.TaskList" label="Tasks"/>
<page content="org.eclipse.ui.views.ProblemView" label="Problems"/>
<presentation id="org.eclipse.ui.presentations.WorkbenchPresentationFactory">&#x0A;<part id="0"/>
<part id="1"/>
<part id="2"/>
</presentation>
</folder>
</info>
<info folder="true" part="org.eclipse.ui.internal.ViewStack@1bcd49" ratio="0.6993377" ratioLeft="528" ratioRight="227" relationship="4" relative="top">&#x0A;<folder activePageID="org.eclipse.mylyn.tasks.ui.views.repositories" appearance="2" expanded="2">&#x0A;<page content="org.eclipse.mylyn.tasks.ui.views.repositories" label="Task Repositories"/>
<presentation id="org.eclipse.ui.presentations.WorkbenchPresentationFactory">&#x0A;<part id="0"/>
</presentation>
</folder>
</info>
</mainWindow>
</layout>
</perspective>
<perspective editorAreaTrimState="2" editorAreaVisible="1" fixed="0" version="0.016">
<descriptor class="org.eclipse.debug.internal.ui.DebugPerspectiveFactory" id="org.eclipse.debug.ui.DebugPerspective" label="Debug"/>
<alwaysOnActionSet id="org.eclipse.ui.cheatsheets.actionSet"/>
<alwaysOnActionSet id="org.eclipse.search.searchActionSet"/>
<alwaysOnActionSet id="org.eclipse.ui.edit.text.actionSet.annotationNavigation"/>
<alwaysOnActionSet id="org.eclipse.ui.edit.text.actionSet.navigation"/>
<alwaysOnActionSet id="org.eclipse.ui.edit.text.actionSet.convertLineDelimitersTo"/>
<alwaysOnActionSet id="org.eclipse.ui.externaltools.ExternalToolsSet"/>
<alwaysOnActionSet id="org.eclipse.ui.actionSet.keyBindings"/>
<alwaysOnActionSet id="org.eclipse.ui.actionSet.openFiles"/>
<alwaysOnActionSet id="org.eclipse.mylyn.context.ui.actionSet"/>
<alwaysOnActionSet id="org.eclipse.mylyn.tasks.ui.navigation"/>
<alwaysOnActionSet id="org.eclipse.team.svn.ui.menu.help"/>
<alwaysOnActionSet id="org.eclipse.debug.ui.launchActionSet"/>
<alwaysOnActionSet id="com.python.pydev.navigate.actionSet"/>
<alwaysOnActionSet id="com.python.pydev.debug.actionSet"/>
<alwaysOnActionSet id="org.eclipse.ui.NavigateActionSet"/>
<alwaysOnActionSet id="org.eclipse.debug.ui.breakpointActionSet"/>
<alwaysOnActionSet id="org.eclipse.jdt.debug.ui.JDTDebugActionSet"/>
<alwaysOnActionSet id="org.eclipse.jdt.ui.JavaActionSet"/>
<alwaysOnActionSet id="org.eclipse.cdt.debug.ui.debugActionSet"/>
<alwaysOnActionSet id="org.eclipse.debug.ui.debugActionSet"/>
<show_view_action id="org.eclipse.debug.ui.DebugView"/>
<show_view_action id="org.eclipse.debug.ui.VariableView"/>
<show_view_action id="org.eclipse.debug.ui.BreakpointView"/>
<show_view_action id="org.eclipse.debug.ui.ExpressionView"/>
<show_view_action id="org.eclipse.ui.views.ContentOutline"/>
<show_view_action id="org.eclipse.ui.console.ConsoleView"/>
<show_view_action id="org.eclipse.ui.views.TaskList"/>
<show_view_action id="org.eclipse.ant.ui.views.AntView"/>
<show_view_action id="org.eclipse.datatools.sqltools.result.resultView"/>
<show_view_action id="org.eclipse.pde.runtime.LogView"/>
<show_view_action id="org.eclipse.jdt.debug.ui.DisplayView"/>
<perspective_action id="org.eclipse.datatools.sqltools.sqleditor.perspectives.EditorPerspective"/>
<perspective_action id="org.eclipse.jdt.ui.JavaPerspective"/>
<perspective_action id="org.eclipse.jdt.ui.JavaBrowsingPerspective"/>
<perspective_action id="org.eclipse.wst.jsdt.ui.JavaPerspective"/>
<perspective_action id="org.eclipse.wst.xml.ui.perspective"/>
<hide_toolbar_item_id id="org.eclipse.ui.edit.text.toggleShowSelectedElementOnly"/>
<view id="org.eclipse.ui.console.ConsoleView"/>
<view id="org.eclipse.ui.views.TaskList"/>
<view id="org.eclipse.jdt.callhierarchy.view"/>
<view id="org.eclipse.ui.views.PropertySheet"/>
<view id="org.eclipse.ve.internal.java.codegen.editorpart.BeansList"/>
<view id="org.eclipse.debug.ui.DebugView"/>
<view id="org.eclipse.debug.ui.VariableView"/>
<view id="org.eclipse.debug.ui.BreakpointView"/>
<view id="org.eclipse.debug.ui.ExpressionView"/>
<view id="org.eclipse.ui.views.ContentOutline"/>
<fastViewBars/>
<layout>&#x0A;<mainWindow>&#x0A;<info folder="true" part="org.eclipse.debug.internal.ui.NavigatorFolderView">&#x0A;<folder activePageID="org.eclipse.debug.ui.DebugView" appearance="2" expanded="2">&#x0A;<page content="org.eclipse.debug.ui.DebugView" label="Debug"/>
<page content="org.eclipse.wst.server.ui.ServersView" label="LabelNotFound"/>
<page content="org.eclipse.ui.views.ResourceNavigator" label="LabelNotFound"/>
<page content="org.eclipse.jdt.ui.PackageExplorer" label="LabelNotFound"/>
<page content="org.eclipse.jdt.ui.TypeHierarchy" label="LabelNotFound"/>
<presentation id="org.eclipse.ui.presentations.WorkbenchPresentationFactory">&#x0A;<part id="0"/>
</presentation>
</folder>
</info>
<info folder="true" part="stickyFolderRight" ratio="0.7493976" ratioLeft="933" ratioRight="312" relationship="2" relative="org.eclipse.debug.internal.ui.NavigatorFolderView">&#x0A;<folder appearance="2" expanded="2">&#x0A;<page content="org.eclipse.help.ui.HelpView" label="LabelNotFound"/>
<page content="org.eclipse.ui.internal.introview" label="LabelNotFound"/>
<page content="org.eclipse.ui.cheatsheets.views.CheatSheetView" label="LabelNotFound"/>
</folder>
</info>
<info folder="true" part="org.eclipse.debug.internal.ui.ConsoleFolderView" ratio="0.74971557" ratioLeft="659" ratioRight="220" relationship="4" relative="org.eclipse.debug.internal.ui.NavigatorFolderView">&#x0A;<folder activePageID="org.eclipse.ui.console.ConsoleView" appearance="2" expanded="2">&#x0A;<page content="org.eclipse.ui.console.ConsoleView" label="Console"/>
<page content="org.eclipse.ui.views.TaskList" label="Tasks"/>
<page content="org.eclipse.jdt.callhierarchy.view" label="Call Hierarchy"/>
<page content="org.eclipse.ui.views.PropertySheet" label="Properties"/>
<page content="org.eclipse.ve.internal.java.codegen.editorpart.BeansList" label="Java Beans"/>
<page content="org.eclipse.ui.views.BookmarkView" label="LabelNotFound"/>
<page content="org.eclipse.datatools.sqltools.result.resultView" label="LabelNotFound"/>
<page content="org.eclipse.jdt.debug.ui.DisplayView" label="LabelNotFound"/>
<page content="org.eclipse.search.SearchResultView" label="LabelNotFound"/>
<page content="org.eclipse.wst.xsl.jaxp.debug.ui.view1" label="LabelNotFound"/>
<presentation id="org.eclipse.ui.presentations.WorkbenchPresentationFactory">&#x0A;<part id="0"/>
<part id="1"/>
<part id="2"/>
<part id="3"/>
<part id="4"/>
</presentation>
</folder>
</info>
<info part="org.eclipse.ui.editorss" ratio="0.4491654" ratioLeft="296" ratioRight="363" relationship="4" relative="org.eclipse.debug.internal.ui.NavigatorFolderView"/>
<info folder="true" part="org.eclipse.debug.internal.ui.OutlineFolderView" ratio="0.7493976" ratioLeft="933" ratioRight="312" relationship="2" relative="org.eclipse.ui.editorss">&#x0A;<folder activePageID="org.eclipse.ui.views.ContentOutline" appearance="2" expanded="2">&#x0A;<page content="org.eclipse.ui.views.ContentOutline" label="Outline"/>
<page content="org.eclipse.ant.ui.views.AntView" label="LabelNotFound"/>
<presentation id="org.eclipse.ui.presentations.WorkbenchPresentationFactory">&#x0A;<part id="0"/>
</presentation>
</folder>
</info>
<info folder="true" part="org.eclipse.debug.internal.ui.ToolsFolderView" ratio="0.49959838" ratioLeft="622" ratioRight="623" relationship="2" relative="org.eclipse.debug.internal.ui.NavigatorFolderView">&#x0A;<folder activePageID="org.eclipse.debug.ui.ExpressionView" appearance="2" expanded="2">&#x0A;<page content="org.eclipse.debug.ui.VariableView" label="Variables"/>
<page content="org.eclipse.debug.ui.BreakpointView" label="Breakpoints"/>
<page content="org.eclipse.debug.ui.ExpressionView" label="Expressions"/>
<page content="org.eclipse.debug.ui.RegisterView" label="LabelNotFound"/>
<presentation id="org.eclipse.ui.presentations.WorkbenchPresentationFactory">&#x0A;<part id="0"/>
<part id="1"/>
<part id="2"/>
</presentation>
</folder>
</info>
</mainWindow>
</layout>
</perspective>
</perspectives>
<workingSets/>
<navigationHistory>
<editors>
<editor factoryID="org.eclipse.ui.part.FileEditorInputFactory" id="org.eclipse.jdt.ui.CompilationUnitEditor" path="/PokerWorld/src/newPokerLogic/PokerGame.java"/>
</editors>
<item active="true" historyLabel="PokerGame.java" index="0">
<position info="not_deleted" x="0" y="0"/>
</item>
</navigationHistory>
<input factoryID="org.eclipse.ui.internal.model.ResourceFactory" path="/" type="8"/>
</page>
<workbenchWindowAdvisor/>
<actionBarAdvisor/>
<trimLayout>
<trimArea IMemento.internal.id="128">
<trimItem IMemento.internal.id="org.eclipse.ui.internal.WorkbenchWindow.topBar"/>
</trimArea>
<trimArea IMemento.internal.id="1024">
<trimItem IMemento.internal.id="org.eclise.ui.internal.FastViewBar"/>
<trimItem IMemento.internal.id="org.eclipse.jface.action.StatusLineManager"/>
<trimItem IMemento.internal.id="org.eclipse.ui.internal.progress.ProgressRegion"/>
</trimArea>
</trimLayout>
</window>
<mruList>
<file factoryID="org.eclipse.ui.part.FileEditorInputFactory" id="org.eclipse.jdt.ui.CompilationUnitEditor" name="PokerGame.java" tooltip="PokerWorld/src/newPokerLogic/PokerGame.java">
<persistable path="/PokerWorld/src/newPokerLogic/PokerGame.java"/>
</file>
<file factoryID="org.eclipse.ui.part.FileEditorInputFactory" id="org.eclipse.jdt.ui.CompilationUnitEditor" name="PathBuilder.java" tooltip="LogParser/src/PathBuilder.java">
<persistable path="/LogParser/src/PathBuilder.java"/>
</file>
<file factoryID="org.eclipse.ui.part.FileEditorInputFactory" id="org.eclipse.jdt.ui.CompilationUnitEditor" name="SimulationServer.java" tooltip="PokerTools/src/pokerExtractor/SimulationServer.java">
<persistable path="/PokerTools/src/pokerExtractor/SimulationServer.java"/>
</file>
<file factoryID="org.eclipse.ui.part.FileEditorInputFactory" id="org.eclipse.jdt.ui.CompilationUnitEditor" name="PokerClientLocal.java" tooltip="PokerTools/src/pokerExtractor/PokerClientLocal.java">
<persistable path="/PokerTools/src/pokerExtractor/PokerClientLocal.java"/>
</file>
<file factoryID="org.eclipse.ui.part.FileEditorInputFactory" id="org.eclipse.jdt.ui.CompilationUnitEditor" name="TuplePlayer.java" tooltip="PokerTools/src/pokerExtractor/TuplePlayer.java">
<persistable path="/PokerTools/src/pokerExtractor/TuplePlayer.java"/>
</file>
<file factoryID="org.eclipse.ui.part.FileEditorInputFactory" id="org.eclipse.jdt.ui.CompilationUnitEditor" name="TupleHandHistories.java" tooltip="PokerTools/src/pokerExtractor/TupleHandHistories.java">
<persistable path="/PokerTools/src/pokerExtractor/TupleHandHistories.java"/>
</file>
<file factoryID="org.eclipse.ui.part.FileEditorInputFactory" id="org.eclipse.jdt.ui.CompilationUnitEditor" name="BDPlayer.java" tooltip="PokerTools/src/pokerExtractor/BDPlayer.java">
<persistable path="/PokerTools/src/pokerExtractor/BDPlayer.java"/>
</file>
<file factoryID="org.eclipse.ui.part.FileEditorInputFactory" id="org.eclipse.jdt.ui.CompilationUnitEditor" name="BDHandHistories.java" tooltip="PokerTools/src/pokerExtractor/BDHandHistories.java">
<persistable path="/PokerTools/src/pokerExtractor/BDHandHistories.java"/>
</file>
<file factoryID="org.eclipse.ui.part.FileEditorInputFactory" id="org.eclipse.jdt.ui.CompilationUnitEditor" name="Main.java" tooltip="PokerTools/src/pokerExtractor/Main.java">
<persistable path="/PokerTools/src/pokerExtractor/Main.java"/>
</file>
<file factoryID="org.eclipse.ui.part.FileEditorInputFactory" id="org.eclipse.jdt.ui.CompilationUnitEditor" name="PokerStarsParser.java" tooltip="LogParser/src/parser/PokerStarsParser.java">
<persistable path="/LogParser/src/parser/PokerStarsParser.java"/>
</file>
<file factoryID="org.eclipse.ui.part.FileEditorInputFactory" id="org.eclipse.jdt.ui.CompilationUnitEditor" name="FullTiltParser.java" tooltip="LogParser/src/parser/FullTiltParser.java">
<persistable path="/LogParser/src/parser/FullTiltParser.java"/>
</file>
<file factoryID="org.eclipse.ui.part.FileEditorInputFactory" id="org.eclipse.jdt.ui.CompilationUnitEditor" name="AbsParser.java" tooltip="LogParser/src/parser/AbsParser.java">
<persistable path="/LogParser/src/parser/AbsParser.java"/>
</file>
<file factoryID="org.eclipse.ui.part.FileEditorInputFactory" id="org.eclipse.jdt.ui.CompilationUnitEditor" name="main.java" tooltip="LogParser/src/main.java">
<persistable path="/LogParser/src/main.java"/>
</file>
<file factoryID="org.eclipse.ui.part.FileEditorInputFactory" id="org.eclipse.ui.systemInPlaceEditor" name="Rick.xls" tooltip="# Documents/TimeSheets/Rick.xls">
<persistable path="/# Documents/TimeSheets/Rick.xls"/>
</file>
<file factoryID="org.eclipse.ui.part.FileEditorInputFactory" id="org.eclipse.jdt.ui.CompilationUnitEditor" name="PokerTableInfo.java" tooltip="PokerWorld/src/newPokerLogic/PokerTableInfo.java">
<persistable path="/PokerWorld/src/newPokerLogic/PokerTableInfo.java"/>
</file>
</mruList>
</workbench>