<?xml version="1.0" encoding="UTF-8"?>
<section name="Workbench">
	<item value="2" key="TypeHierarchyViewPart.hierarchyview"/>
	<item value="filter_imports;" key="filters_last_used"/>
	<item value="500" key="CallHierarchyViewPart.ratio3"/>
	<item value="499" key="CallHierarchyViewPart.ratio1"/>
	<item value="false" key="TypeHierarchyViewPart.qualifiednames"/>
	<item value="3" key="TypeHierarchyViewPart.orientation"/>
	<item value="3" key="CallHierarchyViewPart.orientation"/>
	<item value="1" key="SearchScopeActionGroup.search_scope_type"/>
	<item value="2" key="CallHierarchyViewPart.field_mode"/>
	<item value="false" key="TypeHierarchyViewPart.linkeditors"/>
	<item value="0" key="CallHierarchyViewPart.call_mode"/>
	<list key="SearchScopeActionGroup.working_set">
	</list>
	<section name="OptionalMessageDialog.hide.">
		<item value="true" key="org.eclipse.jdt.ui.typecomment.deprecated"/>
	</section>
	<section name="SelfEncapsulateFieldWizard">
		<item value="false" key="GenerateJavadoc"/>
	</section>
	<section name="OverrideMethodDialog">
		<item value="true" key="showtypes"/>
	</section>
	<section name="BuildPathsPropertyPage">
		<item value="1" key="pageIndex"/>
	</section>
	<section name="DialogBounds_SuperInterfaceSelectionDialog">
		<item value="373" key="DIALOG_WIDTH"/>
		<item value="-49" key="DIALOG_Y_ORIGIN"/>
		<item value="548" key="DIALOG_HEIGHT"/>
		<item value="85" key="DIALOG_X_ORIGIN"/>
		<item value="1|Segoe UI|9.0|0|WINDOWS|1|-12|0|0|0|400|0|0|0|1|0|0|0|0|Segoe UI" key="DIALOG_FONT_NAME"/>
	</section>
	<section name="RefactoringWizard.preview">
		<item value="410" key="height"/>
		<item value="610" key="width"/>
	</section>
	<section name="JavaSearchPage">
		<item value="false" key="CASE_SENSITIVE"/>
		<item value="15" key="INCLUDE_MASK"/>
		<item value="1" key="HISTORY_SIZE"/>
		<section name="HISTORY0">
			<item value="15" key="includeMask"/>
			<item value="2" key="limitTo"/>
			<item value="0" key="scope"/>
			<item value="" key="javaElement"/>
			<item value="ClassLoader.getSystemResource" key="pattern"/>
			<item value="0" key="matchLocations"/>
			<item value="0" key="searchFor"/>
			<item value="false" key="isCaseSensitive"/>
			<list key="workingSets">
			</list>
		</section>
	</section>
	<section name="SourceActionDialog.methods">
		<item value="false" key="Comments"/>
		<item value="1" key="VisibilityModifier"/>
		<item value="2" key="InsertPosition.v2"/>
		<item value="false" key="SynchronizedModifier"/>
		<item value="false" key="FinalModifier"/>
	</section>
	<section name="org.eclipse.jdt.internal.ui.preferences.EditTemplateDialog_dialogBounds">
		<item value="609" key="DIALOG_WIDTH"/>
		<item value="96" key="DIALOG_Y_ORIGIN"/>
		<item value="22" key="DIALOG_X_ORIGIN"/>
		<item value="299" key="DIALOG_HEIGHT"/>
		<item value="1|Segoe UI|9.0|0|WINDOWS|1|-12|0|0|0|400|0|0|0|1|0|0|0|0|Segoe UI" key="DIALOG_FONT_NAME"/>
	</section>
	<section name="org.eclipse.jdt.internal.ui.dialogs.OpenTypeSelectionDialog2">
		<item value="true" key="ShowStatusLine"/>
		<item value="&lt;?xml version=&quot;1.0&quot; encoding=&quot;UTF-8&quot;?&gt;&#x0D;&#x0A;&lt;History/&gt;" key="History"/>
	</section>
	<section name="org.eclipse.jdt.internal.ui.typehierarchy.QuickHierarchy">
		<item value="400" key="org.eclipse.jdt.internal.ui.typehierarchy.HierarchyInformationControlDIALOG_WIDTH"/>
		<item value="false" key="org.eclipse.jdt.internal.ui.typehierarchy.HierarchyInformationControlDIALOG_USE_PERSISTED_LOCATION"/>
		<item value="320" key="org.eclipse.jdt.internal.ui.typehierarchy.HierarchyInformationControlDIALOG_HEIGHT"/>
		<item value="true" key="org.eclipse.jdt.internal.ui.typehierarchy.HierarchyInformationControlDIALOG_USE_PERSISTED_SIZE"/>
	</section>
	<section name="org.eclipse.jdt.internal.ui.packageview.PackageExplorerPart">
		<item value="true" key="group_libraries"/>
		<item value="false" key="linkWithEditor"/>
		<item value="2" key="layout"/>
		<item value="1" key="rootMode"/>
		<item value="&lt;?xml version=&quot;1.0&quot; encoding=&quot;UTF-8&quot;?&gt;&#x0D;&#x0A;&lt;packageExplorer group_libraries=&quot;1&quot; layout=&quot;2&quot; linkWithEditor=&quot;0&quot; rootMode=&quot;1&quot; workingSetName=&quot;Aggregate for window 1265084406241&quot;&gt;&#x0D;&#x0A;&lt;customFilters userDefinedPatternsEnabled=&quot;false&quot;&gt;&#x0D;&#x0A;&lt;xmlDefinedFilters&gt;&#x0D;&#x0A;&lt;child filterId=&quot;org.eclipse.jdt.ui.PackageExplorer.LibraryFilter&quot; isEnabled=&quot;false&quot;/&gt;&#x0D;&#x0A;&lt;child filterId=&quot;org.eclipse.jdt.ui.PackageExplorer.LocalTypesFilter&quot; isEnabled=&quot;false&quot;/&gt;&#x0D;&#x0A;&lt;child filterId=&quot;org.eclipse.jdt.ui.PackageExplorer.StaticsFilter&quot; isEnabled=&quot;false&quot;/&gt;&#x0D;&#x0A;&lt;child filterId=&quot;org.eclipse.pde.ui.ExternalPluginLibrariesFilter1&quot; isEnabled=&quot;true&quot;/&gt;&#x0D;&#x0A;&lt;child filterId=&quot;org.eclipse.jdt.ui.PackageExplorer.ClosedProjectsFilter&quot; isEnabled=&quot;false&quot;/&gt;&#x0D;&#x0A;&lt;child filterId=&quot;org.eclipse.jdt.ui.PackageExplorer.NonSharedProjectsFilter&quot; isEnabled=&quot;false&quot;/&gt;&#x0D;&#x0A;&lt;child filterId=&quot;org.eclipse.jdt.ui.PackageExplorer.NonJavaElementFilter&quot; isEnabled=&quot;false&quot;/&gt;&#x0D;&#x0A;&lt;child filterId=&quot;org.eclipse.jdt.ui.PackageExplorer.ContainedLibraryFilter&quot; isEnabled=&quot;false&quot;/&gt;&#x0D;&#x0A;&lt;child filterId=&quot;org.eclipse.jdt.ui.PackageExplorer.CuAndClassFileFilter&quot; isEnabled=&quot;false&quot;/&gt;&#x0D;&#x0A;&lt;child filterId=&quot;org.eclipse.jdt.ui.PackageExplorer.NonJavaProjectsFilter&quot; isEnabled=&quot;false&quot;/&gt;&#x0D;&#x0A;&lt;child filterId=&quot;org.eclipse.jdt.internal.ui.PackageExplorer.EmptyInnerPackageFilter&quot; isEnabled=&quot;true&quot;/&gt;&#x0D;&#x0A;&lt;child filterId=&quot;org.eclipse.jdt.ui.PackageExplorer.PackageDeclarationFilter&quot; isEnabled=&quot;true&quot;/&gt;&#x0D;&#x0A;&lt;child filterId=&quot;org.eclipse.jdt.internal.ui.PackageExplorer.EmptyPackageFilter&quot; isEnabled=&quot;false&quot;/&gt;&#x0D;&#x0A;&lt;child filterId=&quot;org.eclipse.jdt.ui.PackageExplorer.ImportDeclarationFilter&quot; isEnabled=&quot;true&quot;/&gt;&#x0D;&#x0A;&lt;child filterId=&quot;org.eclipse.jdt.ui.PackageExplorer.FieldsFilter&quot; isEnabled=&quot;false&quot;/&gt;&#x0D;&#x0A;&lt;child filterId=&quot;org.eclipse.jdt.internal.ui.PackageExplorer.HideInnerClassFilesFilter&quot; isEnabled=&quot;true&quot;/&gt;&#x0D;&#x0A;&lt;child filterId=&quot;org.eclipse.jdt.ui.PackageExplorer.NonPublicFilter&quot; isEnabled=&quot;false&quot;/&gt;&#x0D;&#x0A;&lt;child filterId=&quot;org.eclipse.jdt.ui.PackageExplorer_patternFilterId_.*&quot; isEnabled=&quot;true&quot;/&gt;&#x0D;&#x0A;&lt;child filterId=&quot;org.eclipse.jdt.ui.PackageExplorer.EmptyLibraryContainerFilter&quot; isEnabled=&quot;true&quot;/&gt;&#x0D;&#x0A;&lt;child filterId=&quot;org.eclipse.pde.ui.BinaryProjectFilter1&quot; isEnabled=&quot;false&quot;/&gt;&#x0D;&#x0A;&lt;child filterId=&quot;org.eclipse.jdt.ui.PackageExplorer.SyntheticMembersFilter&quot; isEnabled=&quot;true&quot;/&gt;&#x0D;&#x0A;&lt;/xmlDefinedFilters&gt;&#x0D;&#x0A;&lt;/customFilters&gt;&#x0D;&#x0A;&lt;/packageExplorer&gt;" key="memento"/>
	</section>
	<section name="org.eclipse.jdt.internal.ui.dialogs.FilteredTypesSelectionDialog">
		<item value="true" key="ShowStatusLine"/>
		<item value="&lt;?xml version=&quot;1.0&quot; encoding=&quot;UTF-8&quot;?&gt;&#x0D;&#x0A;&lt;History/&gt;" key="History"/>
		<section name="DialogBoundsSettings">
			<item value="600" key="DIALOG_WIDTH"/>
			<item value="8" key="DIALOG_Y_ORIGIN"/>
			<item value="8" key="DIALOG_X_ORIGIN"/>
			<item value="500" key="DIALOG_HEIGHT"/>
			<item value="1|Segoe UI|9.0|0|WINDOWS|1|-12|0|0|0|400|0|0|0|1|0|0|0|0|Segoe UI" key="DIALOG_FONT_NAME"/>
		</section>
	</section>
	<section name="completion_proposal_size">
	</section>
	<section name="JavaElementSearchActions">
	</section>
	<section name="org.eclipse.ltk.ui.refactoring.settings">
		<item value="false" key="renameSubpackages"/>
		<item value="*" key="patterns"/>
		<item value="false" key="updateQualifiedNames"/>
		<item value="1" key="updateSimilarElementsMatchStrategy"/>
		<item value="false" key="updateTextualMatches"/>
		<item value="false" key="updateSimilarElements"/>
	</section>
	<section name="RenameInformationPopup">
	</section>
	<section name="AddGetterSetterDialog">
		<item value="false" key="RemoveFinal"/>
		<item value="false" key="SortOrdering"/>
	</section>
	<section name="CallHierarchySearchScope">
	</section>
</section>
