<?xml version="1.0" encoding="UTF-8" standalone="no"?>
<qualifiedTypeNameHistroy>
<fullyQualifiedTypeName name="javax.swing.event.EventListenerList"/>
<fullyQualifiedTypeName name="protocolLobby.LobbyListTableCommand"/>
<fullyQualifiedTypeName name="protocolLobby.LobbyJoinTableCommand"/>
<fullyQualifiedTypeName name="protocolLobby.LobbyDisconnectCommand"/>
<fullyQualifiedTypeName name="protocolLobby.LobbyCreateTableCommand"/>
<fullyQualifiedTypeName name="serverLobby.ServerClientLobby"/>
<fullyQualifiedTypeName name="protocolLobby.LobbyServerSideAdapter"/>
<fullyQualifiedTypeName name="java.lang.reflect.ParameterizedType"/>
<fullyQualifiedTypeName name="java.awt.Desktop.Action"/>
<fullyQualifiedTypeName name="protocolGame.GameWaitingCommand"/>
<fullyQualifiedTypeName name="protocolGame.GameTableInfoCommand"/>
<fullyQualifiedTypeName name="protocolGame.GameTableClosedCommand"/>
<fullyQualifiedTypeName name="protocolGame.GamePlayerWonPotCommand"/>
<fullyQualifiedTypeName name="protocolGame.GamePlayerTurnEndedCommand"/>
<fullyQualifiedTypeName name="protocolGame.GamePlayerTurnBeganCommand"/>
<fullyQualifiedTypeName name="protocolGame.GamePlayerMoneyChangedCommand"/>
<fullyQualifiedTypeName name="protocolGame.GamePlayerLeftCommand"/>
<fullyQualifiedTypeName name="protocolGame.GamePlayerJoinedCommand"/>
<fullyQualifiedTypeName name="protocolGame.GamePINGCommand"/>
<fullyQualifiedTypeName name="protocolGame.GameHoleCardsChangedCommand"/>
<fullyQualifiedTypeName name="protocolGame.GameStartedCommand"/>
<fullyQualifiedTypeName name="protocolGame.GameEndedCommand"/>
<fullyQualifiedTypeName name="protocolGame.GameBoardChangedCommand"/>
<fullyQualifiedTypeName name="protocolGame.GameBetTurnEndedCommand"/>
<fullyQualifiedTypeName name="protocolGame.GameAskActionCommand"/>
<fullyQualifiedTypeName name="protocolGameTools.GameClientSideAdapter"/>
<fullyQualifiedTypeName name="protocolGame.GameSendActionCommand"/>
<fullyQualifiedTypeName name="java.util.EventListener"/>
<fullyQualifiedTypeName name="serverGameTools.ServerPokerAdapter"/>
<fullyQualifiedTypeName name="serverGameTools.ServerPokerReceiver"/>
<fullyQualifiedTypeName name="serverGame.ServerPokerLogger"/>
<fullyQualifiedTypeName name="java.util.ArrayList"/>
<fullyQualifiedTypeName name="pokerLogic.TypePokerRound"/>
<fullyQualifiedTypeName name="pokerLogic.PokerPlayerInfo"/>
<fullyQualifiedTypeName name="clientGame.IPokerAgentActionner"/>
<fullyQualifiedTypeName name="utilGUI.AutoListModel"/>
<fullyQualifiedTypeName name="clientGameTools.ClientPokerObserver"/>
<fullyQualifiedTypeName name="pokerExtractor.PokerClientLocal"/>
<fullyQualifiedTypeName name="clientGameGUI.TableGUIViewer"/>
<fullyQualifiedTypeName name="clientGameGUI.TableGUIAdvisor"/>
<fullyQualifiedTypeName name="clientStats.StatsAgent"/>
<fullyQualifiedTypeName name="clientAI.PokerSVM"/>
<fullyQualifiedTypeName name="clientGameGUI.GameTableJFrame"/>
<fullyQualifiedTypeName name="java.awt.Dimension"/>
<fullyQualifiedTypeName name="java.awt.Graphics"/>
<fullyQualifiedTypeName name="clientGameGUI.JPanelWithBackground"/>
<fullyQualifiedTypeName name="javax.swing.ImageIcon"/>
<fullyQualifiedTypeName name="pokerLogic.PokerPlayerAction"/>
<fullyQualifiedTypeName name="java.lang.StringBuilder"/>
<fullyQualifiedTypeName name="javax.swing.Icon"/>
<fullyQualifiedTypeName name="java.awt.Color"/>
<fullyQualifiedTypeName name="pokerLogic.TypePlayerAction"/>
<fullyQualifiedTypeName name="pokerLogic.Deck"/>
<fullyQualifiedTypeName name="pokerLogic.Card"/>
<fullyQualifiedTypeName name="newPokerLogic.GameCard"/>
<fullyQualifiedTypeName name="newPokerLogic.GameCardSet"/>
<fullyQualifiedTypeName name="java.util.List"/>
<fullyQualifiedTypeName name="newPokerLogicTools.PokerGameListener"/>
<fullyQualifiedTypeName name="utility.EventObserver"/>
<fullyQualifiedTypeName name="newPokerLogicTools.PokerGameObserver"/>
</qualifiedTypeNameHistroy>
