<?xml version="1.0" encoding="UTF-8"?>
<section name="Workbench">
	<section name="org.eclipse.equinox.internal.provisional.p2.ui.dialogs.InstallWizard.WizardSettings">
		<item value="874" key="DIALOG_WIDTH"/>
		<item value="35" key="DIALOG_Y_ORIGIN"/>
		<item value="291" key="DIALOG_X_ORIGIN"/>
		<item value="605" key="DIALOG_HEIGHT"/>
		<item value="1|Segoe UI|9.0|0|WINDOWS|1|-12|0|0|0|400|0|0|0|1|0|0|0|0|Segoe UI" key="DIALOG_FONT_NAME"/>
	</section>
	<section name="org.eclipse.equinox.internal.provisional.p2.ui.dialogs.InstallWizard.SelectableIUsPage">
		<item value="800" key="ListSashWeight"/>
		<item value="240" key="NameColumnWidth"/>
		<item value="200" key="DetailsSashWeight"/>
		<item value="240" key="IDColumnWidth"/>
		<item value="60" key="VersionColumnWidth"/>
	</section>
	<section name="AvailableIUsPage">
		<item value="800" key="AvailableListSashWeight"/>
		<item value="true" key="ResolveInstallWithAllSites"/>
		<item value="240" key="AvailableVersionColumnWidth"/>
		<item value="true" key="HideInstalledContent"/>
		<item value="415" key="AvailableNameColumnWidth"/>
		<item value="1" key="AvailableViewType"/>
		<item value="200" key="AvailableDetailsSashWeight"/>
		<item value="true" key="ShowLatestVersionsOnly"/>
	</section>
	<section name="org.eclipse.equinox.internal.provisional.p2.ui.dialogs.PreselectedIUInstallWizard.WizardSettings">
		<item value="612" key="DIALOG_WIDTH"/>
		<item value="0" key="DIALOG_Y_ORIGIN"/>
		<item value="489" key="DIALOG_HEIGHT"/>
		<item value="0" key="DIALOG_X_ORIGIN"/>
		<item value="1|Segoe UI|9.0|0|WINDOWS|1|-12|0|0|0|400|0|0|0|1|0|0|0|0|Segoe UI" key="DIALOG_FONT_NAME"/>
	</section>
</section>
