<?xml version="1.0" encoding="UTF-8"?>
<section name="Workbench">
	<section name="org.eclipse.debug.ui.sourcelookup.SourceLookupDialog">
		<item value="525" key="DIALOG_WIDTH"/>
		<item value="224" key="DIALOG_Y_ORIGIN"/>
		<item value="414" key="DIALOG_HEIGHT"/>
		<item value="386" key="DIALOG_X_ORIGIN"/>
		<item value="1|Segoe UI|9.0|0|WINDOWS|1|-12|0|0|0|400|0|0|0|1|0|0|0|0|Segoe UI" key="DIALOG_FONT_NAME"/>
	</section>
	<section name="org.eclipse.debug.ui.LAUNCH_CONFIGURATION_PROPERTIES_DIALOG_SECTION">
		<item value="570" key="DIALOG_WIDTH"/>
		<item value="-123" key="DIALOG_Y_ORIGIN"/>
		<item value="-13" key="DIALOG_X_ORIGIN"/>
		<item value="745" key="DIALOG_HEIGHT"/>
		<item value="1|Segoe UI|9.0|0|WINDOWS|1|-12|0|0|0|400|0|0|0|1|0|0|0|0|Segoe UI" key="DIALOG_FONT_NAME"/>
	</section>
	<section name="org.eclipse.debug.ui.LAUNCH_CONFIGURATIONS_DIALOG_SECTION">
		<item value="811" key="DIALOG_WIDTH"/>
		<item value="74" key="DIALOG_Y_ORIGIN"/>
		<item value="org.eclipse.jdt.launching.localJavaApplication, org.eclipse.ve.java.core.launcher.JavaBean, " key="org.eclipse.debug.ui.EXPANDED_NODES"/>
		<item value="745" key="DIALOG_HEIGHT"/>
		<item value="248" key="DIALOG_X_ORIGIN"/>
		<item value="237" key="org.eclipse.debug.ui.DIALOG_SASH_WEIGHTS_1"/>
		<item value="1|Segoe UI|9.0|0|WINDOWS|1|-12|0|0|0|400|0|0|0|1|0|0|0|0|Segoe UI" key="DIALOG_FONT_NAME"/>
		<item value="762" key="org.eclipse.debug.ui.DIALOG_SASH_WEIGHTS_2"/>
	</section>
	<section name="org.eclipse.debug.ui.SELECT_LAUNCH_SHORTCUT_DIALOG">
		<item value="350" key="DIALOG_WIDTH"/>
		<item value="267" key="DIALOG_Y_ORIGIN"/>
		<item value="350" key="DIALOG_HEIGHT"/>
		<item value="473" key="DIALOG_X_ORIGIN"/>
		<item value="1|Segoe UI|9.0|0|WINDOWS|1|-12|0|0|0|400|0|0|0|1|0|0|0|0|Segoe UI" key="DIALOG_FONT_NAME"/>
	</section>
	<section name="FAVORITES_DIALOG_SECTION">
		<item value="350" key="DIALOG_WIDTH"/>
		<item value="234" key="DIALOG_Y_ORIGIN"/>
		<item value="473" key="DIALOG_X_ORIGIN"/>
		<item value="400" key="DIALOG_HEIGHT"/>
		<item value="1|Segoe UI|9.0|0|WINDOWS|1|-12|0|0|0|400|0|0|0|1|0|0|0|0|Segoe UI" key="DIALOG_FONT_NAME"/>
	</section>
</section>
